Workbook

Sheet Macro
A1: Evaluation of the Data, based on LCA methode
A3: List of Methods: | C3: Results:
A4: IPCC 2021 | climate change | global warming potential (GWP100)
A5: ReCiPe 2016 v1.03, endpoint (E) | ecosystem quality | acidification: terrestrial | K5: Relative Comparison
A6: ReCiPe 2016 v1.03, endpoint (E) | ecosystem quality | climate change: freshwater ecosystems | D6: Merck Synthesis Route | E6: Suggested Route | G6: Methode | H6: Merck Synthesis Route | I6: Suggested Route | L6: Merck Synthesis Route | M6: Suggested Route
A7: ReCiPe 2016 v1.03, endpoint (E) | ecosystem quality | climate change: terrestrial ecosystems | C7: LCI Category | D7: Letermovir | E7: Letermovir | F7: unit | H7: Letermovir Merck | I7: Letermovir Carreira | J7: unit | K7: Methode | L7: Letermovir Merck | M7: Letermovir Careirra
A8: ReCiPe 2016 v1.03, endpoint (E) | ecosystem quality | ecotoxicity: freshwater | C8: =A33 -> ReCiPe 2016 v1.03, endpoint (E) | total: natural resources | natural resources | D8: ='2.1. Merck LCA FU'!F108 -> 4.3951194 | E8: ='1.1 LCA This Work FU'!H107 -> 0 | G8: IPCC 2021 | climate change | global warming potential (GWP100) | H8: 0 | I8: 0 | J8: kg CO2-Eq | K8: IPCC 2013 | climate change | global warming potential (GWP100) | L8: =H8/SUM(H8:I8) -> #DIV/0! | M8: =I8/SUM(H8:I8) -> #DIV/0!
A9: ReCiPe 2016 v1.03, endpoint (E) | ecosystem quality | ecotoxicity: marine | G9: ReCiPe 2016 v1.03, endpoint (E) | ecosystem quality | acidification: terrestrial | H9: 0 | I9: 0 | J9: species.yr | K9: ReCiPe 2016 v1.03, endpoint (E) | ecosystem quality | acidification: terrestrial | L9: =H9/SUM(H9:I9) -> #DIV/0! | M9: =I9/SUM(H9:I9) -> #DIV/0!
A10: ReCiPe 2016 v1.03, endpoint (E) | ecosystem quality | ecotoxicity: terrestrial | G10: ReCiPe 2016 v1.03, endpoint (E) | ecosystem quality | climate change: freshwater ecosystems | H10: 0 | I10: 0 | J10: species.yr | K10: ReCiPe 2016 v1.03, endpoint (E) | ecosystem quality | climate change: freshwater ecosystems | L10: =H10/SUM(H10:I10) -> #DIV/0! | M10: =I10/SUM(H10:I10) -> #DIV/0!
A11: ReCiPe 2016 v1.03, endpoint (E) | ecosystem quality | eutrophication: freshwater | G11: ReCiPe 2016 v1.03, endpoint (E) | ecosystem quality | climate change: terrestrial ecosystems | H11: 0 | I11: 0 | J11: species.yr | K11: ReCiPe 2016 v1.03, endpoint (E) | ecosystem quality | climate change: terrestrial ecosystems | L11: =H11/SUM(H11:I11) -> #DIV/0! | M11: =I11/SUM(H11:I11) -> #DIV/0!
A12: ReCiPe 2016 v1.03, endpoint (E) | ecosystem quality | eutrophication: marine | G12: ReCiPe 2016 v1.03, endpoint (E) | ecosystem quality | ecotoxicity: freshwater | H12: 0 | I12: 0 | J12: species.yr | K12: ReCiPe 2016 v1.03, endpoint (E) | ecosystem quality | ecotoxicity: freshwater | L12: =H12/SUM(H12:I12) -> #DIV/0! | M12: =I12/SUM(H12:I12) -> #DIV/0!
A13: ReCiPe 2016 v1.03, endpoint (E) | ecosystem quality | land use | G13: ReCiPe 2016 v1.03, endpoint (E) | ecosystem quality | ecotoxicity: marine | H13: 0 | I13: 0 | J13: species.yr | K13: ReCiPe 2016 v1.03, endpoint (E) | ecosystem quality | ecotoxicity: marine | L13: =H13/SUM(H13:I13) -> #DIV/0! | M13: =I13/SUM(H13:I13) -> #DIV/0!
A14: ReCiPe 2016 v1.03, endpoint (E) | ecosystem quality | photochemical oxidant formation: terrestrial ecosystems | G14: ReCiPe 2016 v1.03, endpoint (E) | ecosystem quality | ecotoxicity: terrestrial | H14: 0 | I14: 0 | J14: species.yr | K14: ReCiPe 2016 v1.03, endpoint (E) | ecosystem quality | ecotoxicity: terrestrial | L14: =H14/SUM(H14:I14) -> #DIV/0! | M14: =I14/SUM(H14:I14) -> #DIV/0!
A15: ReCiPe 2016 v1.03, endpoint (E) | ecosystem quality | water use: aquatic ecosystems | C15: Recovery Rate Catalyst | D15: 0.5 | G15: ReCiPe 2016 v1.03, endpoint (E) | ecosystem quality | eutrophication: freshwater | H15: 0 | I15: 0 | J15: species.yr | K15: ReCiPe 2016 v1.03, endpoint (E) | ecosystem quality | eutrophication: freshwater | L15: =H15/SUM(H15:I15) -> #DIV/0! | M15: =I15/SUM(H15:I15) -> #DIV/0!
A16: ReCiPe 2016 v1.03, endpoint (E) | ecosystem quality | water use: terrestrial ecosystems | G16: ReCiPe 2016 v1.03, endpoint (E) | ecosystem quality | eutrophication: marine | H16: 0 | I16: 0 | J16: species.yr | K16: ReCiPe 2016 v1.03, endpoint (E) | ecosystem quality | eutrophication: marine | L16: =H16/SUM(H16:I16) -> #DIV/0! | M16: =I16/SUM(H16:I16) -> #DIV/0!
A17: ReCiPe 2016 v1.03, endpoint (E) | human health | climate change: human health | C17: Recovery Rate Catalyst (IDPi-1), pleae adjust in „B.1. Chiral Cat This Work“ | G17: ReCiPe 2016 v1.03, endpoint (E) | ecosystem quality | land use | H17: 0 | I17: 0 | J17: species.yr | K17: ReCiPe 2016 v1.03, endpoint (E) | ecosystem quality | land use | L17: =H17/SUM(H17:I17) -> #DIV/0! | M17: =I17/SUM(H17:I17) -> #DIV/0!
A18: ReCiPe 2016 v1.03, endpoint (E) | human health | human toxicity: carcinogenic | G18: ReCiPe 2016 v1.03, endpoint (E) | ecosystem quality | photochemical oxidant formation: terrestrial ecosystems | H18: 0 | I18: 0 | J18: species.yr | K18: ReCiPe 2016 v1.03, endpoint (E) | ecosystem quality | photochemical oxidant formation: terrestrial ecosystems | L18: =H18/SUM(H18:I18) -> #DIV/0! | M18: =I18/SUM(H18:I18) -> #DIV/0!
A19: ReCiPe 2016 v1.03, endpoint (E) | human health | human toxicity: non-carcinogenic | G19: ReCiPe 2016 v1.03, endpoint (E) | ecosystem quality | water use: aquatic ecosystems | H19: 0 | I19: 0 | J19: species.yr | K19: ReCiPe 2016 v1.03, endpoint (E) | ecosystem quality | water use: aquatic ecosystems | L19: =H19/SUM(H19:I19) -> #DIV/0! | M19: =I19/SUM(H19:I19) -> #DIV/0!
A20: ReCiPe 2016 v1.03, endpoint (E) | human health | ionising radiation | G20: ReCiPe 2016 v1.03, endpoint (E) | ecosystem quality | water use: terrestrial ecosystems | H20: 0 | I20: 0 | J20: species.yr | K20: ReCiPe 2016 v1.03, endpoint (E) | ecosystem quality | water use: terrestrial ecosystems | L20: =H20/SUM(H20:I20) -> #DIV/0! | M20: =I20/SUM(H20:I20) -> #DIV/0!
A21: ReCiPe 2016 v1.03, endpoint (E) | human health | ozone depletion | G21: ReCiPe 2016 v1.03, endpoint (E) | human health | climate change: human health | H21: 0 | I21: 0 | J21: DALYs | K21: ReCiPe 2016 v1.03, endpoint (E) | human health | climate change: human health | L21: =H21/SUM(H21:I21) -> #DIV/0! | M21: =I21/SUM(H21:I21) -> #DIV/0!
A22: ReCiPe 2016 v1.03, endpoint (E) | human health | particulate matter formation | G22: ReCiPe 2016 v1.03, endpoint (E) | human health | human toxicity: carcinogenic | H22: 0 | I22: 0 | J22: DALYs | K22: ReCiPe 2016 v1.03, endpoint (E) | human health | human toxicity: carcinogenic | L22: =H22/SUM(H22:I22) -> #DIV/0! | M22: =I22/SUM(H22:I22) -> #DIV/0!
A23: ReCiPe 2016 v1.03, endpoint (E) | human health | photochemical oxidant formation: human health | G23: ReCiPe 2016 v1.03, endpoint (E) | human health | human toxicity: non-carcinogenic | H23: 0 | I23: 0 | J23: DALYs | K23: ReCiPe 2016 v1.03, endpoint (E) | human health | human toxicity: non-carcinogenic | L23: =H23/SUM(H23:I23) -> #DIV/0! | M23: =I23/SUM(H23:I23) -> #DIV/0!
A24: ReCiPe 2016 v1.03, endpoint (E) | human health | water use: human health | G24: ReCiPe 2016 v1.03, endpoint (E) | human health | ionising radiation | H24: 0 | I24: 0 | J24: DALYs | K24: ReCiPe 2016 v1.03, endpoint (E) | human health | ionising radiation | L24: =H24/SUM(H24:I24) -> #DIV/0! | M24: =I24/SUM(H24:I24) -> #DIV/0!
A25: ReCiPe 2016 v1.03, endpoint (E) | natural resources | energy resources: non-renewable, fossil | G25: ReCiPe 2016 v1.03, endpoint (E) | human health | ozone depletion | H25: 0 | I25: 0 | J25: DALYs | K25: ReCiPe 2016 v1.03, endpoint (E) | human health | ozone depletion | L25: =H25/SUM(H25:I25) -> #DIV/0! | M25: =I25/SUM(H25:I25) -> #DIV/0!
A26: ReCiPe 2016 v1.03, endpoint (E) | natural resources | material resources: metals/minerals | G26: ReCiPe 2016 v1.03, endpoint (E) | human health | particulate matter formation | H26: 0 | I26: 0 | J26: DALYs | K26: ReCiPe 2016 v1.03, endpoint (E) | human health | particulate matter formation | L26: =H26/SUM(H26:I26) -> #DIV/0! | M26: =I26/SUM(H26:I26) -> #DIV/0!
A27: ReCiPe 2016 v1.03, endpoint (E) | total: ecosystem quality | ecosystem quality | G27: ReCiPe 2016 v1.03, endpoint (E) | human health | photochemical oxidant formation: human health | H27: 0 | I27: 0 | J27: DALYs | K27: ReCiPe 2016 v1.03, endpoint (E) | human health | photochemical oxidant formation: human health | L27: =H27/SUM(H27:I27) -> #DIV/0! | M27: =I27/SUM(H27:I27) -> #DIV/0!
A28: ReCiPe 2016 v1.03, endpoint (E) | total: human health | human health | G28: ReCiPe 2016 v1.03, endpoint (E) | human health | water use: human health | H28: 0 | I28: 0 | J28: DALYs | K28: ReCiPe 2016 v1.03, endpoint (E) | human health | water use: human health | L28: =H28/SUM(H28:I28) -> #DIV/0! | M28: =I28/SUM(H28:I28) -> #DIV/0!
A29: ReCiPe 2016 v1.03, endpoint (E) | total: natural resources | natural resources | G29: ReCiPe 2016 v1.03, endpoint (E) | natural resources | energy resources: non-renewable, fossil | H29: 0 | I29: 0 | J29: USD 2013 | K29: ReCiPe 2016 v1.03, endpoint (E) | natural resources | energy resources: non-renewable, fossil | L29: =H29/SUM(H29:I29) -> #DIV/0! | M29: =I29/SUM(H29:I29) -> #DIV/0!
G30: ReCiPe 2016 v1.03, endpoint (E) | natural resources | material resources: metals/minerals | H30: 0 | I30: 0 | J30: USD 2013 | K30: ReCiPe 2016 v1.03, endpoint (E) | natural resources | material resources: metals/minerals | L30: =H30/SUM(H30:I30) -> #DIV/0! | M30: =I30/SUM(H30:I30) -> #DIV/0!
G31: ReCiPe 2016 v1.03, endpoint (E) | total: ecosystem quality | ecosystem quality | H31: 0 | I31: 0 | J31: species.yr | K31: ReCiPe 2016 v1.03, endpoint (E) | total: ecosystem quality | ecosystem quality | L31: =H31/SUM(H31:I31) -> #DIV/0! | M31: =I31/SUM(H31:I31) -> #DIV/0!
A32: Copy and Paste Methode below: | G32: ReCiPe 2016 v1.03, endpoint (E) | total: human health | human health | H32: 0 | I32: 0 | J32: DALYs | K32: ReCiPe 2016 v1.03, endpoint (E) | total: human health | human health | L32: =H32/SUM(H32:I32) -> #DIV/0! | M32: =I32/SUM(H32:I32) -> #DIV/0!
A33: ReCiPe 2016 v1.03, endpoint (E) | total: natural resources | natural resources | G33: ReCiPe 2016 v1.03, endpoint (E) | total: natural resources | natural resources | H33: 0 | I33: 0 | J33: USD 2013 | K33: ReCiPe 2016 v1.03, endpoint (E) | total: natural resources | natural resources | L33: =H33/SUM(H33:I33) -> #DIV/0! | M33: =I33/SUM(H33:I33) -> #DIV/0!

Sheet A. Databases
A1: Data Sheet
H2: CHOSE METHODE HERE
A3: index | B3: amount | C3: unit | D3: reference product | E3: name | F3: location | G3: database | H3: =Macro!C8 -> ReCiPe 2016 v1.03, endpoint (E) | total: natural resources | natural resources | I3: IPCC 2021 | climate change | global warming potential (GWP100) | J3: ReCiPe 2016 v1.03, endpoint (E) | ecosystem quality | acidification: terrestrial | K3: ReCiPe 2016 v1.03, endpoint (E) | ecosystem quality | climate change: freshwater ecosystems | L3: ReCiPe 2016 v1.03, endpoint (E) | ecosystem quality | climate change: terrestrial ecosystems | M3: ReCiPe 2016 v1.03, endpoint (E) | ecosystem quality | ecotoxicity: freshwater | N3: ReCiPe 2016 v1.03, endpoint (E) | ecosystem quality | ecotoxicity: marine | O3: ReCiPe 2016 v1.03, endpoint (E) | ecosystem quality | ecotoxicity: terrestrial | P3: ReCiPe 2016 v1.03, endpoint (E) | ecosystem quality | eutrophication: freshwater | Q3: ReCiPe 2016 v1.03, endpoint (E) | ecosystem quality | eutrophication: marine | R3: ReCiPe 2016 v1.03, endpoint (E) | ecosystem quality | land use | S3: ReCiPe 2016 v1.03, endpoint (E) | ecosystem quality | photochemical oxidant formation: terrestrial ecosystems | T3: ReCiPe 2016 v1.03, endpoint (E) | ecosystem quality | water use: aquatic ecosystems | U3: ReCiPe 2016 v1.03, endpoint (E) | ecosystem quality | water use: terrestrial ecosystems | V3: ReCiPe 2016 v1.03, endpoint (E) | human health | climate change: human health | W3: ReCiPe 2016 v1.03, endpoint (E) | human health | human toxicity: carcinogenic | X3: ReCiPe 2016 v1.03, endpoint (E) | human health | human toxicity: non-carcinogenic | Y3: ReCiPe 2016 v1.03, endpoint (E) | human health | ionising radiation | Z3: ReCiPe 2016 v1.03, endpoint (E) | human health | ozone depletion | AA3: ReCiPe 2016 v1.03, endpoint (E) | human health | particulate matter formation | AB3: ReCiPe 2016 v1.03, endpoint (E) | human health | photochemical oxidant formation: human health | AC3: ReCiPe 2016 v1.03, endpoint (E) | human health | water use: human health | AD3: ReCiPe 2016 v1.03, endpoint (E) | natural resources | energy resources: non-renewable, fossil | AE3: ReCiPe 2016 v1.03, endpoint (E) | natural resources | material resources: metals/minerals | AF3: ReCiPe 2016 v1.03, endpoint (E) | total: ecosystem quality | ecosystem quality | AG3: ReCiPe 2016 v1.03, endpoint (E) | total: human health | human health | AH3: ReCiPe 2016 v1.03, endpoint (E) | total: natural resources | natural resources
A4: dimethyl sulfoxide | dimethyl sulfoxide production | RER | kilogram | ecoinvent-3.10-cutoff | B4: 1 | C4: kilogram | D4: dimethyl sulfoxide | E4: dimethyl sulfoxide production | F4: RER | G4: ecoinvent-3.10-cutoff | H4: =IFERROR(INDEX(I4:AH4,MATCH($H$3,$I$3:$AH$3,0)),"") -> 0
A5: tetrahydrofuran | tetrahydrofuran production | RER | kilogram | ecoinvent-3.10-cutoff | B5: 1 | C5: kilogram | D5: tetrahydrofuran | E5: tetrahydrofuran production | F5: RER | G5: ecoinvent-3.10-cutoff | H5: =IFERROR(INDEX(I5:AH5,MATCH($H$3,$I$3:$AH$3,0)),"") -> 0
A6: acrylonitrile | market for acrylonitrile | GLO | kilogram | ecoinvent-3.10-cutoff | B6: 1 | C6: kilogram | D6: acrylonitrile | E6: market for acrylonitrile | F6: GLO | G6: ecoinvent-3.10-cutoff | H6: =IFERROR(INDEX(I6:AH6,MATCH($H$3,$I$3:$AH$3,0)),"") -> 0
A7: neutralising agent, sodium hydroxide-equivalent | sodium hydroxide to generic market for neutralising agent | RER | kilogram | ecoinvent-3.10-cutoff | B7: 1 | C7: kilogram | D7: neutralising agent, sodium hydroxide-equivalent | E7: sodium hydroxide to generic market for neutralising agent | F7: RER | G7: ecoinvent-3.10-cutoff | H7: =IFERROR(INDEX(I7:AH7,MATCH($H$3,$I$3:$AH$3,0)),"") -> 0
A8: methanol | market for methanol | RoW | kilogram | ecoinvent-3.10-cutoff | B8: 1 | C8: kilogram | D8: methanol | E8: market for methanol | F8: RoW | G8: ecoinvent-3.10-cutoff | H8: =IFERROR(INDEX(I8:AH8,MATCH($H$3,$I$3:$AH$3,0)),"") -> 0
A9: aniline | market for aniline | RER | kilogram | ecoinvent-3.10-cutoff | B9: 1 | C9: kilogram | D9: aniline | E9: market for aniline | F9: RER | G9: ecoinvent-3.10-cutoff | H9: =IFERROR(INDEX(I9:AH9,MATCH($H$3,$I$3:$AH$3,0)),"") -> 0
A10: nitrobenzene | nitrobenzene production | RER | kilogram | ecoinvent-3.10-cutoff | B10: 1 | C10: kilogram | D10: nitrobenzene | E10: nitrobenzene production | F10: RER | G10: ecoinvent-3.10-cutoff | H10: =IFERROR(INDEX(I10:AH10,MATCH($H$3,$I$3:$AH$3,0)),"") -> 0
A11: chloronitrobenzene | chloronitrobenzene production | RER | kilogram | ecoinvent-3.10-cutoff | B11: 1 | C11: kilogram | D11: chloronitrobenzene | E11: chloronitrobenzene production | F11: RER | G11: ecoinvent-3.10-cutoff | H11: =IFERROR(INDEX(I11:AH11,MATCH($H$3,$I$3:$AH$3,0)),"") -> 0
A12: chlorine, gaseous | market for chlorine, gaseous | RER | kilogram | ecoinvent-3.10-cutoff | B12: 1 | C12: kilogram | D12: chlorine, gaseous | E12: market for chlorine, gaseous | F12: RER | G12: ecoinvent-3.10-cutoff | H12: =IFERROR(INDEX(I12:AH12,MATCH($H$3,$I$3:$AH$3,0)),"") -> 0
A13: ammonia, anhydrous, liquid | market for ammonia, anhydrous, liquid | RER | kilogram | ecoinvent-3.10-cutoff | B13: 1 | C13: kilogram | D13: ammonia, anhydrous, liquid | E13: market for ammonia, anhydrous, liquid | F13: RER | G13: ecoinvent-3.10-cutoff | H13: =IFERROR(INDEX(I13:AH13,MATCH($H$3,$I$3:$AH$3,0)),"") -> 0
A14: hydrogen peroxide, without water, in 50% solution state | market for hydrogen peroxide, without water, in 50% solution state | RER | kilogram | ecoinvent-3.10-cutoff | B14: 1 | C14: kilogram | D14: hydrogen peroxide, without water, in 50% solution state | E14: market for hydrogen peroxide, without water, in 50% solution state | F14: RER | G14: ecoinvent-3.10-cutoff | H14: =IFERROR(INDEX(I14:AH14,MATCH($H$3,$I$3:$AH$3,0)),"") -> 0
A15: magnesium sulfate | market for magnesium sulfate | GLO | kilogram | ecoinvent-3.10-cutoff | B15: 1 | C15: kilogram | D15: magnesium sulfate | E15: market for magnesium sulfate | F15: GLO | G15: ecoinvent-3.10-cutoff | H15: =IFERROR(INDEX(I15:AH15,MATCH($H$3,$I$3:$AH$3,0)),"") -> 0
... A44: acetonitrile | Sohio process | RER | kilogram | Ecoinvent 3.9.1 | B44: 1 | C44: kilogram | D44: acetonitrile | E44: Sohio process | F44: RER | G44: Ecoinvent 3.9.1-cutoff | H44: =IFERROR(INDEX(I44:AH44,MATCH($H$3,$I$3:$AH$3,0)),"") -> 0
A45: =D45 -> CPME | B45: 1 | C45: kilogram | D45: CPME | E45: - | F45: - | G45: Economic Allocation | H45: =IFERROR(INDEX(I45:AH45,MATCH($H$3,$I$3:$AH$3,0)),"") -> 0
A46: =D46 -> 2-Methyl THF | B46: 1 | C46: kilogram | D46: 2-Methyl THF | E46: - | F46: - | G46: Economic Allocation | H46: =IFERROR(INDEX(I46:AH46,MATCH($H$3,$I$3:$AH$3,0)),"") -> 0
A47: methyl tert-butyl ether | methyl tert-butyl ether production | RoW | kilogram | Ecoinvent 3.9.1 | B47: 1 | C47: kilogram | D47: methyl tert-butyl ether | E47: methyl tert-butyl ether production | F47: RoW | G47: Ecoinvent 3.9.1-cutoff | H47: =IFERROR(INDEX(I47:AH47,MATCH($H$3,$I$3:$AH$3,0)),"") -> 0
A48: sulfur trioxide | market for sulfur trioxide | RER | kilogram | ecoinvent-3.10-cutoff | B48: 1 | C48: kilogram | D48: sulfur trioxide | E48: market for sulfur trioxide | F48: RER | G48: ecoinvent-3.10-cutoff | H48: =IFERROR(INDEX(I48:AH48,MATCH($H$3,$I$3:$AH$3,0)),"") -> 0
A49: methyl acrylate | methyl acrylate production | GLO | kilogram | ecoinvent-3.10-cutoff | B49: 1 | C49: kilogram | D49: methyl acrylate | E49: methyl acrylate production | F49: GLO | G49: ecoinvent-3.10-cutoff | H49: =IFERROR(INDEX(I49:AH49,MATCH($H$3,$I$3:$AH$3,0)),"") -> 0
A50: salicylic acid | salicylic acid production | GLO | kilogram | ecoinvent-3.10-cutoff | B50: 1 | C50: kilogram | D50: salicylic acid | E50: salicylic acid production | F50: GLO | G50: ecoinvent-3.10-cutoff | H50: =IFERROR(INDEX(I50:AH50,MATCH($H$3,$I$3:$AH$3,0)),"") -> 0
A51: dichloromethane | dichloromethane production | RER | kilogram | ecoinvent-3.10-cutoff | B51: 1 | C51: kilogram | D51: dichloromethane | E51: dichloromethane production | F51: RER | G51: ecoinvent-3.10-cutoff | H51: =IFERROR(INDEX(I51:AH51,MATCH($H$3,$I$3:$AH$3,0)),"") -> 0
A52: phosphorus pentachloride | phosphorus pentachloride production | RoW | kilogram | ecoinvent-3.10-cutoff | B52: 1 | C52: kilogram | D52: phosphorus pentachloride | E52: phosphorus pentachloride production | F52: RoW | G52: ecoinvent-3.10-cutoff | H52: =IFERROR(INDEX(I52:AH52,MATCH($H$3,$I$3:$AH$3,0)),"") -> 0
A53: bromine | bromine production | RER | kilogram | ecoinvent-3.10-cutoff | B53: 1 | C53: kilogram | D53: bromine | E53: bromine production | F53: RER | G53: ecoinvent-3.10-cutoff | H53: =IFERROR(INDEX(I53:AH53,MATCH($H$3,$I$3:$AH$3,0)),"") -> 0
A54: sodium phosphate | sodium phosphate production | RER | kilogram | ecoinvent-3.10-cutoff | B54: 1 | C54: kilogram | D54: sodium phosphate | E54: sodium phosphate production | F54: RER | G54: ecoinvent-3.10-cutoff | H54: =IFERROR(INDEX(I54:AH54,MATCH($H$3,$I$3:$AH$3,0)),"") -> 0
A55: aminopyridine | aminopyridine production, Chichibabin amination | RER | kilogram | ecoinvent-3.10-cutoff | B55: 1 | C55: kilogram | D55: aminopyridine | E55: aminopyridine production, Chichibabin amination | F55: RER | G55: ecoinvent-3.10-cutoff | H55: =IFERROR(INDEX(I55:AH55,MATCH($H$3,$I$3:$AH$3,0)),"") -> 0
A56: potassium hydroxide | potassium hydroxide production | RER | kilogram | ecoinvent-3.10-cutoff | B56: 1 | C56: kilogram | D56: potassium hydroxide | E56: potassium hydroxide production | F56: RER | G56: ecoinvent-3.10-cutoff | H56: =IFERROR(INDEX(I56:AH56,MATCH($H$3,$I$3:$AH$3,0)),"") -> 0
A57: citric acid | citric acid production | RER | kilogram | ecoinvent-3.10-cutoff | B57: 1 | C57: kilogram | D57: citric acid | E57: citric acid production | F57: RER | G57: ecoinvent-3.10-cutoff | H57: =IFERROR(INDEX(I57:AH57,MATCH($H$3,$I$3:$AH$3,0)),"") -> 0
A58: 3-methylpyridine | 3-methylpyridine production | RER | kilogram | ecoinvent-3.10-cutoff | B58: 1 | C58: kilogram | D58: 3-methylpyridine | E58: 3-methylpyridine production | F58: RER | G58: ecoinvent-3.10-cutoff | H58: =IFERROR(INDEX(I58:AH58,MATCH($H$3,$I$3:$AH$3,0)),"") -> 0
... A66: acetaldehyde | acetaldehyde production, ethylene oxidation | RER | kilogram | ecoinvent-3.10-cutoff | B66: 1 | C66: kilogram | D66: acetaldehyde | E66: acetaldehyde production, ethylene oxidation | F66: RER | G66: ecoinvent-3.10-cutoff | H66: =IFERROR(INDEX(I66:AH66,MATCH($H$3,$I$3:$AH$3,0)),"") -> 0
A67: =D67 -> thionyl chloride | B67: 1 | C67: kilogram | D67: thionyl chloride | E67: thionyl chloride production | F67: RER | G67: Ecoinvent 3.9.1 | H67: =IFERROR(INDEX(I67:AH67,MATCH($H$3,$I$3:$AH$3,0)),"") -> 0
A68: =D68 -> lithium aluminium hydride | B68: 1 | C68: kilogram | D68: lithium aluminium hydride | E68: market for lithium aluminium hydride | F68: GLO | G68: ecoinvent-3.11-cutoff | H68: =IFERROR(INDEX(I68:AH68,MATCH($H$3,$I$3:$AH$3,0)),"") -> 0
A69: acetyl chloride | acetyl chloride production | RER | kilogram | ecoinvent-3.10-cutoff | B69: 1 | C69: kilogram | D69: acetyl chloride | E69: acetyl chloride production | F69: RER | G69: ecoinvent-3.10-cutoff | H69: =IFERROR(INDEX(I69:AH69,MATCH($H$3,$I$3:$AH$3,0)),"") -> 0
A70: triethyl amine | market for triethyl amine | GLO | kilogram | ecoinvent-3.10-cutoff | B70: 1 | C70: kilogram | D70: triethyl amine | E70: market for triethyl amine | F70: GLO | G70: ecoinvent-3.10-cutoff | H70: =IFERROR(INDEX(I70:AH70,MATCH($H$3,$I$3:$AH$3,0)),"") -> 0
A71: pyridine | market for pyridine | GLO | kilogram | ecoinvent-3.10-cutoff | B71: 1 | C71: kilogram | D71: pyridine | E71: market for pyridine | F71: GLO | G71: ecoinvent-3.10-cutoff | H71: =IFERROR(INDEX(I71:AH71,MATCH($H$3,$I$3:$AH$3,0)),"") -> 0
A72: dimethylamine | market for dimethylamine | RER | kilogram | ecoinvent-3.10-cutoff | B72: 1 | C72: kilogram | D72: dimethylamine | E72: market for dimethylamine | F72: RER | G72: ecoinvent-3.10-cutoff | H72: =IFERROR(INDEX(I72:AH72,MATCH($H$3,$I$3:$AH$3,0)),"") -> 0
A73: alpha-naphthol | market for alpha-naphthol | GLO | kilogram | ecoinvent-3.10-cutoff | B73: 1 | C73: kilogram | D73: alpha-naphthol | E73: market for alpha-naphthol | F73: GLO | G73: ecoinvent-3.10-cutoff | H73: =IFERROR(INDEX(I73:AH73,MATCH($H$3,$I$3:$AH$3,0)),"") -> 0
A74: iron(III) chloride, without water, in 40% solution state | market for iron(III) chloride, without water, in 40% solution state | GLO | kilogram | ecoinvent-3.10-cutoff | B74: 1 | C74: kilogram | D74: iron(III) chloride, without water, in 40% solution state | E74: market for iron(III) chloride, without water, in 40% solution state | F74: GLO | G74: ecoinvent-3.10-cutoff | H74: =IFERROR(INDEX(I74:AH74,MATCH($H$3,$I$3:$AH$3,0)),"") -> 0
A75: water, completely softened | market for water, completely softened | RER | kilogram | ecoinvent-3.10-cutoff | B75: 1 | C75: kilogram | D75: water, completely softened | E75: market for water, completely softened | F75: RER | G75: ecoinvent-3.10-cutoff | H75: =IFERROR(INDEX(I75:AH75,MATCH($H$3,$I$3:$AH$3,0)),"") -> 0
A76: ethanol, without water, in 99.7% solution state, from ethylene | market for ethanol, without water, in 99.7% solution state, from ethylene | RER | kilogram | ecoinvent-3.10-cutoff | B76: 1 | C76: kilogram | D76: ethanol, without water, in 99.7% solution state, from ethylene | E76: market for ethanol, without water, in 99.7% solution state, from ethylene | F76: RER | G76: ecoinvent-3.10-cutoff | H76: =IFERROR(INDEX(I76:AH76,MATCH($H$3,$I$3:$AH$3,0)),"") -> 0
A77: acetonitrile | market for acetonitrile | GLO | kilogram | ecoinvent-3.10-cutoff | B77: 1 | C77: kilogram | D77: acetonitrile | E77: market for acetonitrile | F77: GLO | G77: ecoinvent-3.10-cutoff | H77: =IFERROR(INDEX(I77:AH77,MATCH($H$3,$I$3:$AH$3,0)),"") -> 0
A78: ethyl acetate | market for ethyl acetate | GLO | kilogram | ecoinvent-3.10-cutoff | B78: 1 | C78: kilogram | D78: ethyl acetate | E78: market for ethyl acetate | F78: GLO | G78: ecoinvent-3.10-cutoff | H78: =IFERROR(INDEX(I78:AH78,MATCH($H$3,$I$3:$AH$3,0)),"") -> 0
A79: hydrochloric acid, without water, in 30% solution state | market for hydrochloric acid, without water, in 30% solution state | RER | kilogram | ecoinvent-3.10-cutoff | B79: 1 | C79: kilogram | D79: hydrochloric acid, without water, in 30% solution state | E79: market for hydrochloric acid, without water, in 30% solution state | F79: RER | G79: ecoinvent-3.10-cutoff | H79: =IFERROR(INDEX(I79:AH79,MATCH($H$3,$I$3:$AH$3,0)),"") -> 0
A80: methanol | market for methanol | RER | kilogram | ecoinvent-3.10-cutoff | B80: 1 | C80: kilogram | D80: methanol | E80: market for methanol | F80: RER | G80: ecoinvent-3.10-cutoff | H80: =IFERROR(INDEX(I80:AH80,MATCH($H$3,$I$3:$AH$3,0)),"") -> 0
... A93: methyl acetate | market for methyl acetate | GLO | kilogram | ecoinvent-3.10-cutoff | B93: 1 | C93: kilogram | D93: methyl acetate | E93: market for methyl acetate | F93: GLO | G93: ecoinvent-3.10-cutoff | H93: =IFERROR(INDEX(I93:AH93,MATCH($H$3,$I$3:$AH$3,0)),"") -> 0
A94: organocat PTC| organocat PTC | GLO | unit | Organocat | B94: 1 | C94: kg | D94: organocat PTC | E94: organocat PTC | F94: GLO | G94: Organocat, ecoinvent-3.10-cutoff | H94: =IFERROR(INDEX(I94:AH94,MATCH($H$3,$I$3:$AH$3,0)),"") -> 123.37457 | I94: 14.275573 | J94: 1.1325282e-08 | K94: 8.7795202e-12 | L94: 3.218064e-07 | M94: 4.9988438e-10 | N94: 3.8584541e-07 | O94: 1.8116209e-09 | P94: 2.6449674e-09 | Q94: 2.8142103e-12 | R94: 3.0305808e-09 | S94: 5.6915896e-09 | T94: 3.5079479e-13 | U94: 7.8406126e-09 | V94: 0.00016091457 | W94: 0.00059661997 | X94: 0.0006924878 | Y94: 4.3881789e-09 | Z94: 6.2273299e-09 | AA94: 1.258073e-05 | AB94: 3.8186729e-08 | AC94: 1.2893451e-06 | AD94: 1.656114 | AE94: 121.71846 | AF94: 7.3266767e-07 | AG94: 0.0014639412 | AH94: 123.37457
A95: xylene, mixed | market for xylene, mixed | RoW | kilogram | ecoinvent-3.10-cutoff | B95: 1 | C95: kilogram | D95: xylene, mixed | E95: market for xylene, mixed | F95: RoW | G95: ecoinvent-3.10-cutoff | H95: =IFERROR(INDEX(I95:AH95,MATCH($H$3,$I$3:$AH$3,0)),"") -> 0
A96: hydrogen fluoride | market for hydrogen fluoride | RoW | kilogram | ecoinvent-3.10-cutoff | B96: 1 | C96: kilogram | D96: hydrogen fluoride | E96: market for hydrogen fluoride | F96: RoW | G96: ecoinvent-3.10-cutoff | H96: =IFERROR(INDEX(I96:AH96,MATCH($H$3,$I$3:$AH$3,0)),"") -> 0
A97: N,N-dimethylformamide | market for N,N-dimethylformamide | GLO | kilogram | ecoinvent-3.10-cutoff | B97: 1 | C97: kilogram | D97: N,N-dimethylformamide | E97: market for N,N-dimethylformamide | F97: GLO | G97: ecoinvent-3.10-cutoff | H97: =IFERROR(INDEX(I97:AH97,MATCH($H$3,$I$3:$AH$3,0)),"") -> 0
A98: sodium tetrahydridoborate | market for sodium tetrahydridoborate | GLO | kilogram | ecoinvent-3.10-cutoff | B98: 1 | C98: kilogram | D98: sodium tetrahydridoborate | E98: market for sodium tetrahydridoborate | F98: GLO | G98: ecoinvent-3.10-cutoff | H98: =IFERROR(INDEX(I98:AH98,MATCH($H$3,$I$3:$AH$3,0)),"") -> 0
A99: boric oxide | market for boric oxide | GLO | kilogram | ecoinvent-3.10-cutoff | B99: 1 | C99: kilogram | D99: boric oxide | E99: market for boric oxide | F99: GLO | G99: ecoinvent-3.10-cutoff | H99: =IFERROR(INDEX(I99:AH99,MATCH($H$3,$I$3:$AH$3,0)),"") -> 0
A100: isopropanol | market for isopropanol | RoW | kilogram | ecoinvent-3.10-cutoff | B100: 1 | C100: kilogram | D100: isopropanol | E100: market for isopropanol | F100: RoW | G100: ecoinvent-3.10-cutoff | H100: =IFERROR(INDEX(I100:AH100,MATCH($H$3,$I$3:$AH$3,0)),"") -> 0
A101: nitric acid, without water, in 50% solution state | market for nitric acid, without water, in 50% solution state | RoW | kilogram | ecoinvent-3.10-cutoff | B101: 1 | C101: kilogram | D101: nitric acid, without water, in 50% solution state | E101: market for nitric acid, without water, in 50% solution state | F101: RoW | G101: ecoinvent-3.10-cutoff | H101: =IFERROR(INDEX(I101:AH101,MATCH($H$3,$I$3:$AH$3,0)),"") -> 0
A102: hydrogen, gaseous, medium pressure, merchant | market for hydrogen, gaseous, medium pressure, merchant | RER | kilogram | ecoinvent-3.10-cutoff | B102: 1 | C102: kilogram | D102: hydrogen, gaseous, medium pressure, merchant | E102: market for hydrogen, gaseous, medium pressure, merchant | F102: RER | G102: ecoinvent-3.10-cutoff | H102: =IFERROR(INDEX(I102:AH102,MATCH($H$3,$I$3:$AH$3,0)),"") -> 0
A103: diborane | market for diborane | GLO | kilogram | ecoinvent-3.10-cutoff | B103: 1 | C103: kilogram | D103: diborane | E103: market for diborane | F103: GLO | G103: ecoinvent-3.10-cutoff | H103: =IFERROR(INDEX(I103:AH103,MATCH($H$3,$I$3:$AH$3,0)),"") -> 0
A104: dimethyl sulfide | market for dimethyl sulfide | GLO | kilogram | ecoinvent-3.10-cutoff | B104: 1 | C104: kilogram | D104: dimethyl sulfide | E104: market for dimethyl sulfide | F104: GLO | G104: ecoinvent-3.10-cutoff | H104: =IFERROR(INDEX(I104:AH104,MATCH($H$3,$I$3:$AH$3,0)),"") -> 0
A105: magnesium oxide | market for magnesium oxide | GLO | kilogram | ecoinvent-3.10-cutoff | B105: 1 | C105: kilogram | D105: magnesium oxide | E105: market for magnesium oxide | F105: GLO | G105: ecoinvent-3.10-cutoff | H105: =IFERROR(INDEX(I105:AH105,MATCH($H$3,$I$3:$AH$3,0)),"") -> 0
A106: phthalic anhydride | market for phthalic anhydride | GLO | kilogram | ecoinvent-3.10-cutoff | B106: 1 | C106: kilogram | D106: phthalic anhydride | E106: market for phthalic anhydride | F106: GLO | G106: ecoinvent-3.10-cutoff | H106: =IFERROR(INDEX(I106:AH106,MATCH($H$3,$I$3:$AH$3,0)),"") -> 0
... A128: dimethyl sulfate | market for dimethyl sulfate | RoW | kilogram | ecoinvent-3.10-cutoff | B128: 1 | C128: kilogram | D128: dimethyl sulfate | E128: market for dimethyl sulfate | F128: RoW | G128: ecoinvent-3.10-cutoff | H128: =IFERROR(INDEX(I128:AH128,MATCH($H$3,$I$3:$AH$3,0)),"") -> 0

Sheet 1.1 LCA This Work FU
A1: Letermovir 1kg cumulative NCCR
A3: Step 1 | B3: Synthesis of Methyl-(E)-3-(2-amino-3-fluorophenyl)acrylate | J3: Ref
A5: Reactants | B5: Given Stoichiometry | C5: Unit | D5: Moles | E5: Unit | F5: Mass Stoich | G5: Unit | H5: GWP kgCO2-eq/kg | I5: GWP kgCO2-eq
A6: 2-amino-3-fluorobenzoic acid | B6: 155.13 | C6: MW | D6: =F6*1000/B6 -> 3.8728092 | E6: mol | F6: =D14*B6/1000/B12 -> 0.60078889 | G6: kg | H6: ='B.4. Precursors'!G19 -> 0 | I6: =H6*F6 -> 0
A7: BH3SMe3 | B7: 75.96 | C7: MW | D7: =D6*(3.867/3.223) -> 4.6466501 | E7: mol | F7: =(D14*B7/1000)/B12 -> 0.29417859 | G7: kg | H7: ='B.4. Precursors'!G65 -> 0 | I7: =H7*F7 -> 0
A8: 1 M NaOH | B8: =10/0.5 -> 20 | C8: mass equiv | F8: =F6*B8*0.039 -> 0.46861533 | G8: kg | H8: ='A. Databases'!H20 -> 0 | I8: =H8*F8 -> 0 | J8: 1M 3.9 wt%
A9: Solvents | B9: Given Stoichiometry | C9: Unit | F9: Mass Stoich | G9: Unit
A10: 2-Me-THF | B10: =2.562/0.5 -> 5.124 | C10: mass equiv | D10: - | E10: - | F10: =B10*F6 -> 3.0784423 | G10: kg | H10: ='A. Databases'!$H$46 -> 0 | I10: =H10*F10 -> 0
A11: MeOH | B11: =0.4131/0.5 -> 0.8262 | C11: mass equiv | F11: =B11*F6 -> 0.49637178 | G11: kg | H11: ='A. Databases'!H8 -> 0 | I11: =H11*F11 -> 0
A12: Yield | B12: 0.99
A13: Product | B13: Given Stoichiometry | C13: Unit | D13: Moles | E13: Unit | F13: Mass Stoich | G13: Unit
A14: 2 | B14: 141.15 | C14: MW | D14: =F14/(B14/1000) -> 3.8340811 | E14: mol | F14: =F20 -> 0.54118055 | G14: kg | H14: =I14/F14 -> 0 | I14: =SUM(I6,I7,I8,I10,I11) -> 0
A17: Step 2 | B17: Synthesis of Methyl-(E)-3-(3-flururo-2-((phenoxycarbonyl)amino)-phenyl)acrylate | J17: Ref
A19: Reactants | B19: Given Stoichiometry | C19: Unit | D19: Moles | E19: Unit | F19: Mass Stoich | G19: Unit | H19: GWP kgCO2-eq/kg | I19: GWP kgCO2-eq
A20: 2 | B20: 141.15 | C20: MW | D20: =F20*1000/B20 -> 3.8340811 | E20: mol | F20: =B20*D28/1000/B26 -> 0.54118055 | G20: kg | H20: =H14 -> 0 | I20: =H20*F20 -> 0
A21: 2-isothiocyanato-1-methoxy-4-(trifluoromethyl)benzene | B21: 233.21 | C21: MW | D21: =F21*1000/B21 -> 3.9855273 | E21: mol | F21: =D28*B21*1.05/1000 -> 0.92946482 | G21: kg | H21: ='B.4. Precursors'!$G$60 -> 0 | I21: =H21*F21 -> 0
A23: Solvents | B23: Given Stoichiometry | C23: Unit | F23: Mass Stoich | G23: Unit
A24: MeOH | B24: 5.8588146 | F24: =F20*B24 -> 3.1706765 | G24: kg | H24: ='A. Databases'!H33 -> 0 | I24: =H24*F24 -> 0
A26: Yield | B26: 0.99
A27: Product | B27: Given Stoichiometry | C27: Unit | D27: Moles | F27: Mass Stoich | G27: Unit
A28: 3 | B28: 374.35 | C28: MW | D28: =F28/(B28/1000) -> 3.7957403 | F28: =F34 -> 1.4209354 | G28: kg | H28: =I28/F28 -> 0 | I28: =SUM(I20,I21,I24,I25) -> 0
A31: Step 3 | B31: Synthesis of Methyl-(E)-3-(3-fluoro-2-(3-(2-methoxy-5-(trifluoromethyl)phenyl)ureido)phenyl)acrylate | J31: Ref
A33: Reactants | B33: Given Stoichiometry | C33: Unit | D33: Moles | E33: Unit | F33: Mass Stoich | G33: Unit | H33: GWP kgCO2-eq/kg | I33: GWP kgCO2-eq
A34: 3 | B34: 374.35 | C34: MW | D34: =F34*1000/B34 -> 3.7957403 | E34: mol | F34: =D42*B34/1000/B40 -> 1.4209354 | G34: kg | H34: =H28 -> 0 | I34: =H34*F34 -> 0
A35: AcCl | B35: 78.49 | C35: MW | D35: =F35*1000/B35 -> 3.7957403 | E35: mol | F35: =B35*D42/1000/B40 -> 0.29792765 | G35: kg | H35: ='A. Databases'!$H$69 -> 0 | I35: =H35*F35 -> 0
A37: Solvents | B37: Given Stoichiometry | C37: Unit | F37: Mass Stoich | G37: Unit
A38: MeOH | B38: 0.73636229 | C38: Mass Equiv | D38: - | E38: - | F38: =F34*B38 -> 1.0463232 | G38: kg | H38: ='A. Databases'!H33 -> 0 | I38: =H38*F38 -> 0
A40: Yield | B40: 0.99
A41: Product | B41: Given Stoichiometry | C41: Unit | D41: Moles | E41: Unit | F41: Mass Stoich | G41: Unit
A42: 4 | B42: 356.34 | C42: MW | D42: =F42/(B42/1000) -> 3.7577829 | E42: mol | F42: =F48 -> 1.3390484 | G42: kg | H42: =I42/F42 -> 0 | I42: =SUM(I34,I35,I38,I39,I36) -> 0
A45: Step 4 | B45: Synthesis of Methyl-(E)-3-(3-fluoro-2-((((2-methoxy-5-(trifluroromethyl)phenyl)imino)methylene)amino)phenyl)acrylate | J45: Ref
A47: Reactants | B47: Given Stoichiometry | C47: Unit | D47: Moles | E47: Unit | F47: Mass Stoich | G47: Unit | H47: GWP kgCO2-eq/kg | I47: GWP kgCO2-eq
A48: 4 | B48: 356.34 | C48: MW | D48: =D58/B56 -> 3.7577829 | E48: mol | F48: =D48*B48/1000 -> 1.3390484 | G48: kg | H48: =H42 -> 0 | I48: =H48*F48 -> 0
A49: Magnesium (monoperoxyphthalate)2 | B49: 386.551 | C49: MW | D49: =0.7*D48 -> 2.630448 | E49: mol | F49: =D49*B49/1000 -> 1.0168023 | G49: kg | H49: ='B.4. Precursors'!G71 -> 0 | I49: =H49*F49 -> 0
A50: aq. NaHCO3 | B50: 20 | C50: mass equiv | F50: =B50*F48*0.096 -> 2.5709728 | G50: kg | H50: ='A. Databases'!H107 -> 0 | I50: =H50*F50 -> 0 | J50: aq. 9.8 wt%
A51: TFAA | B51: 210.03 | C51: MW | D51: 4.301 | E51: mol | F51: =D51*B51/1000 -> 0.90333903 | G51: kg | H51: ='B.4. Precursors'!G42 -> 0 | I51: =H51*F51 -> 0
A52: NEt3 | B52: 101.19 | C52: MW | D52: =1*D48 -> 3.7577829 | E52: mol | F52: =D52*B52/1000 -> 0.38025005 | G52: kg | H52: ='A. Databases'!$H$70 -> 0 | I52: =H52*F52 -> 0
A53: Solvents | B53: Given Stoichiometry | C53: Unit | F53: Mass Stoich | G53: Unit
A54: 2-Me-THF | B54: 4.46 | C54: Mass Equiv | D54: - | E54: - | F54: =F48*B54 -> 5.9721556 | G54: kg | H54: ='A. Databases'!H46 -> 0 | I54: =H54*F54 -> 0
A55: MeOH | B55: 4.4183378 | C55: Mass Equiv | F55: =F48*B55 -> 5.916368 | G55: kg | H55: ='A. Databases'!H33 -> 0 | I55: =H55*F55 -> 0
A56: Yield | B56: 0.97
A57: Product | B57: Given Stoichiometry | C57: Unit | D57: Moles | E57: Unit | F57: Mass Stoich | G57: Unit
A58: 5 | B58: 372.34 | D58: =F58/(B58/1000) -> 3.6450494 | E58: mol | F58: =F64 -> 1.3571977 | G58: kg | H58: =I58/F58 -> 0 | I58: =SUM(I48,I49,I54,I55,I50,I51,I52) -> 0
A61: Step 5 | B61: Synthesis of 11a | J61: Ref
A63: Reactants | B63: Given Stoichiometry | C63: Unit | D63: Moles | E63: Unit | F63: Mass Stoich | G63: Unit | H63: GWP kgCO2-eq/kg | I63: GWP kgCO2-eq
A64: 5 | B64: 372.34 | C64: MW | D64: =D74/B72 -> 3.6450494 | E64: mol | F64: =D64*B64/1000 -> 1.3571977 | G64: kg | H64: =H58 -> 0 | I64: =H64*F64 -> 0
A65: piperazine bis hydrochloride | B65: 192.26 | C65: MW | D65: =1.05*D64 -> 3.8273019 | E65: mol | F65: =D65*B65/1000 -> 0.73583706 | G65: kg | H65: =('A. Databases'!$H$64+'A. Databases'!$H$62+2*'A. Databases'!$H$63)/0.95/0.95 -> 0 | I65: =H65*F65 -> 0
A66: NEt3 | B66: 101.19 | C66: MW | D66: =4.4*D64 -> 16.038217 | E66: mol | F66: =D66*B66/1000 -> 1.6229072 | G66: kg | H66: ='A. Databases'!$H$70 -> 0 | I66: =H66*F66 -> 0
A67: EDC HCl | B67: 191.7 | C67: MW | D67: =1.1*D64 -> 4.0095543 | E67: mol | F67: =D67*B67/1000 -> 0.76863157 | G67: kg | H67: ='B.4. Precursors'!I98 -> 0 | I67: =H67*F67 -> 0
A69: Solvents | B69: Given Stoichiometry | C69: Unit | F69: Mass Stoich | G69: Unit
A70: 2-Me-THF | B70: 8.55 | C70: Mass Equiv | D70: - | E70: - | F70: =F64*B70 -> 11.60404 | G70: kg | H70: ='A. Databases'!H46 -> 0 | I70: =H70*F70 -> 0
A72: Yield | B72: 0.8
A73: Product | B73: Given Stoichiometry | C73: Unit | D73: Moles | E73: Unit | F73: Mass Stoich | G73: Unit
A74: 6 | B74: 530.52 | C74: MW | D74: =F74/(B74/1000) -> 2.9160395 | E74: mol | F74: =F80 -> 1.5470173 | G74: kg | H74: =(I74/F74) -> 0 | I74: =SUM(I64,I65,I70,I71,I66,I67) -> 0
A77: Step 6 | B77: Synthesis of 8a | J77: Ref
A79: Reactants | B79: Given Stoichiometry | C79: Unit | D79: Moles | E79: Unit | F79: Mass Stoich | G79: Unit | H79: GWP kgCO2-eq/kg | I79: GWP kgCO2-eq
A80: 11a | B80: 530.19 | C80: MW | D80: =D91/B89 -> 2.9178545 | E80: mol | F80: =D80*B80/1000 -> 1.5470173 | G80: kg | H80: =H74 -> 0 | I80: =H80*F80 -> 0
A81: Ketene Acetal | B81: 188.12 | C81: MW | D81: =3*D80 -> 8.7535635 | E81: mol | F81: =D81*B81/1000 -> 1.6467204 | G81: kg | H81: ='B.4. Precursors'!$G$48 -> 0 | I81: =H81*F81 -> 0
A82: Catalyst | E82: 3 % from reac | F82: =F80*0.03 -> 0.046410519 | G82: kg | H82: ='B.1. Chiral Cat This Work'!$U$131 -> 0 | I82: =H82*F82 -> 0
A83: Sec Butanol | B83: 74.123 | C83: MW | D83: =D80 -> 2.9178545 | E83: mol | F83: =D83*B83/1000 -> 0.21628013 | G83: kg | H83: ='A. Databases'!$H$92 -> 0 | I83: =H83*F83 -> 0
A85: Solvents | B85: Given Stoichiometry | C85: Unit | G85: Unit
A86: Pentane | B86: 4.9866622 | C86: Mass Equiv | D86: - | E86: - | F86: =B86*F80 -> 7.7144527 | G86: kg | H86: ='A. Databases'!$H$41 -> 0 | I86: =H86*F86 -> 0
A87: toluene | B87: 6.9064475 | C87: Mass Equiv | D87: - | E87: - | F87: =B87*F80 -> 10.684394 | G87: kg | H87: ='A. Databases'!$H$39 -> 0 | I87: =H87*F87 -> 0
A88: EtOAc | B88: 2.7168675 | C88: Mass Equiv | F88: =B88*F80 -> 4.2030409 | G88: kg | H88: ='A. Databases'!H34 -> 0 | I88: =H88*F88 -> 0
A89: Yield | B89: =0.675*0.93 -> 0.62775 | C89: Overall Yield
A90: Product | B90: Given Stoichiometry | C90: Unit | D90: Moles | E90: Unit | F90: Mass Stoich | G90: Unit
A91: 8a | B91: 586.59 | C91: MW | D91: =F91*1000/B91 -> 1.8316832 | E91: mol | F91: =F97 -> 1.074447 | G91: kg | H91: =I91/F91 -> 0 | I91: =SUM(I80:I90) -> 0
A94: Step 7 | B94: Synthesis of Letermovir | J94: Ref
A96: Reactants | B96: Given Stoichiometry | C96: Unit | D96: Moles | E96: Unit | F96: Mass Stoich | G96: Unit | H96: GWP kgCO2-eq/kg | I96: GWP kgCO2-eq
A97: 8a (8) | B97: 586.59 | C97: MW | D97: =D107/0.95351744 -> 1.8316832 | E97: mol | F97: =D97*B97/1000 -> 1.074447 | G97: kg | H97: =H91 -> 0 | I97: =H97*F97 -> 0
A98: Na2HPO4 | B98: 141.96 | C98: MW | D98: =(F98*1000)/B98 -> 0.45334204 | E98: mol | F98: =(1/0.0202)*0.0013 -> 0.064356436 | G98: kg | H98: ='A. Databases'!$H$54 -> 0 | I98: =H98*F98 -> 0
A99: NaOH | B99: 39.997 | C99: MW | D99: =(F99*1000)/B99 -> 7.4262995 | E99: mol | F99: =(1/0.0202)*0.006 -> 0.2970297 | G99: kg | H99: ='A. Databases'!$H$20 -> 0 | I99: =H99*F99 -> 0
A100: Acetone | B100: 58.08 | C100: MW | D100: =(F100*1000)/B100 -> 400.94919 | E100: mol | F100: =(1/0.0202)*0.4704 -> 23.287129 | G100: kg | H100: ='A. Databases'!$H$59 -> 0 | I100: =H100*F100 -> 0
A102: Solvents | B102: Given Stoichiometry | C102: Unit | F102: Mass Stoich | G102: Unit
A103: MTBE | B103: 88.15 | C103: MW | D103: =(F103*1000)/B103 -> 33.24666 | E103: mol | F103: =(1/0.0202)*0.0592 -> 2.9306931 | G103: kg | H103: ='A. Databases'!$H$47 -> 0 | I103: =H103*F103 -> 0
A104: MTBE | B104: 88.15 | C104: MW | D104: =(F104*1000)/B104 -> 124.73113 | E104: mol | F104: =(1/0.0202)*0.2221 -> 10.99505 | G104: kg | H104: ='A. Databases'!$H$47 -> 0 | I104: =H104*F104 -> 0
A105: H2O | B105: 18.02 | C105: MW | D105: =(F105*1000)/B105 -> 1291.1946 | E105: mol | F105: =(1/0.0202)*0.47 -> 23.267327 | G105: kg | H105: ='A. Databases'!$H$38 -> 0 | I105: =H105*F105 -> 0
A106: Product | B106: Given Stoichiometry | C106: Unit | F106: Mass Stoich | G106: Unit
A107: Letermovir | B107: 572.56 | C107: MW | D107: =(F107*1000)/B107 -> 1.7465418 | E107: mol | F107: 1 | G107: kg | H107: =I107/F107 -> 0 | I107: =SUM(I97:I105) -> 0
A108: Stoichiometry is taking by the relative values

Sheet 2.1. Merck LCA FU
A1: Letermovir 1 kg accumulative
A3: Step 1 | B3: Synthesis of Methyl-(E)-3-(2-amino-3-fluorophenyl)acrylate | J3: PMI
H4: Impact Share | J4: =(D6+D7+D8+D10+D11)/D14 -> 13.795694
A5: Reactants | B5: Given Stoichiometry | C5: Unit | D5: Mass Stoich | E5: Unit | F5: GWP kgCO2-eq/kg | G5: GWP kgCO2-eq | H5: Starting Materials | I5: =SUM(G6,G7) -> 0
A6: 2-bromo-6-fluoroaniline | B6: 1.3 | C6: kg | D6: =($D$14/$B$14)*B6 -> 0.95588707 | E6: kg | F6: ='B.4. Precursors'!$G$6 -> 0 | G6: =F6*D6 -> 0 | H6: Reagents | I6: 0
A7: Methyl acrylate | B7: 1.17 | C7: kg | D7: =($D$14/$B$14)*B7 -> 0.86029836 | E7: kg | F7: ='A. Databases'!$H$21 -> 0 | G7: =F7*D7 -> 0 | H7: Catalysts | I7: =G8 -> 0
A8: (t-Bu)3P-Pd G2 | B8: 0.0262 | C8: kg | D8: =($D$14/$B$14)*B8 -> 0.019264801 | E8: kg | F8: ='B.3. Pd Catalyst'!$F$44 -> 0 | G8: =F8*D8 -> 0 | H8: Solvent | I8: =SUM(G10:G11) -> 0
A9: Solvents | B9: Given Stoichiometry | C9: Unit | D9: Mass Stoich | E9: Unit
A10: iProAc | B10: 9.05 | C10: kg | D10: =($D$14/$B$14)*B10 -> 6.6544446 | E10: kg | F10: ='A. Databases'!$H$35 -> 0 | G10: =F10*D10 -> 0
A11: iProAc | B11: 6.78 | C11: kg | D11: =($D$14/$B$14)*B11 -> 4.9853187 | E11: kg | F11: ='A. Databases'!$H$35 -> 0 | G11: =F11*D11 -> 0
A13: Product | B13: Given Stoichiometry | C13: Unit | D13: Mass Stoich | E13: Unit
A14: 15 | B14: 1.3284 | C14: kg | D14: =D22 -> 0.97676952 | E14: kg | F14: =G14/D14 -> 0 | G14: =SUM(G6,G7,G8,G10,G11) -> 0
A19: Step 2 | B19: Synthesis of Methyl-(E)-3-(3-flururo-2-((phenoxycarbonyl)amino)-phenyl)acrylate | J19: PMI
H20: Impact Share | J20: =(D22+D23+D24+D26+D27)/D30 -> 15.515802
A21: Reactants | B21: Given Stoichiometry | C21: Unit | D21: Mass Stoich | E21: Unit | F21: GWP kgCO2-eq/kg | G21: GWP kgCO2-eq | H21: Starting Materials | I21: =G22 -> 0
A22: 15 | B22: 1.3038 | C22: kg | D22: =($D$30/$B$30)*B22 -> 0.97676952 | E22: kg | F22: =$F$14 -> 0 | G22: =F22*D22 -> 0 | H22: Reagents | I22: =G23+G24 -> 0
A23: Na2HPO4 | B23: 1.42 | C23: kg | D23: =($D$30/$B$30)*B23 -> 1.0638232 | E23: kg | F23: ='A. Databases'!$H$54 -> 0 | G23: =F23*D23 -> 0 | H23: Catalysts | I23: 0
A24: Phenyl chloroformate | B24: 1.3042281 | C24: kg | D24: =($D$30/$B$30)*B24 -> 0.97709024 | E24: kg | F24: ='B.4. Precursors'!I119 -> 0 | G24: =F24*D24 -> 0 | H24: Solvent | I24: =SUM(G26:G27) -> 0
A25: Solvents | B25: Given Stoichiometry | C25: Unit | D25: Mass Stoich | E25: Unit
A26: H2O | B26: 9.1 | C26: kg | D26: =($D$30/$B$30)*B26 -> 6.8174587 | E26: kg | F26: ='A. Databases'!$H$38 -> 0 | G26: =F26*D26 -> 0
A27: iProAc | B27: 6.09 | C27: kg | D27: =($D$30/$B$30)*B27 -> 4.5624531 | E27: kg | F27: ='A. Databases'!$H$35 -> 0 | G27: =F27*D27 -> 0
A29: Product | B29: Given Stoichiometry | C29: Unit | D29: Mass Stoich | E29: Unit
A30: 16 | B30: 1.23861 | C30: kg | D30: =D36 -> 0.92793105 | E30: kg | F30: =G30/D30 -> 0 | G30: =SUM(G22,G23,G26,G27,G24) -> 0
A33: Step 3 | B33: Synthesis of Methyl-(E)-3-(3-fluoro-2-(3-(2-methoxy-5-(trifluoromethyl)phenyl)ureido)phenyl)acrylate | J33: PMI
H34: Impact Share | J34: =(D36+D37+D38+D40)/D44 -> 2.918235
A35: Reactants | B35: Given Stoichiometry | C35: Unit | D35: Mass Stoich | E35: Unit | F35: GWP kgCO2-eq/kg | G35: GWP kgCO2-eq | H35: Starting Materials | I35: =G36 -> 0
A36: 16 | B36: 2.099898 | C36: kg | D36: =($D$44/$B$44)*B36 -> 0.92793105 | E36: kg | F36: =$F$30 -> 0 | G36: =F36*D36 -> 0 | H36: Reagents | I36: =SUM(G37:G38) -> 0
A37: 3 | B37: 1.4 | C37: kg | D37: =($D$44/$B$44)*B37 -> 0.61865075 | E37: kg | F37: ='B.4. Precursors'!D60 -> 0 | G37: =F37*D37 -> 0 | H37: Catalysts
A38: DMAP | B38: 0.0405 | C38: kg | D38: =($D$44/$B$44)*B38 -> 0.017896682 | E38: kg | F38: ='B.4. Precursors'!$G$35 -> 0 | G38: =F38*D38 -> 0 | H38: Solvent | I38: =G40 -> 0
A39: Solvents | B39: Given Stoichiometry | C39: Unit | D39: Mass Stoich | E39: Unit
A40: iProAc | B40: 3.48 | C40: kg | D40: =($D$44/$B$44)*B40 -> 1.537789 | E40: kg | F40: ='A. Databases'!$H$35 -> 0 | G40: =F40*D40 -> 0
A43: Product | B43: Given Stoichiometry | C43: Unit | D43: Mass Stoich | E43: Unit
A44: 5 | B44: 2.4057 | C44: kg | D44: =D50 -> 1.0630629 | E44: kg | F44: =G44/D44 -> 0 | G44: =SUM(G36,G37,G40,G41,G38) -> 0
A47: Step 4 | B47: Synthesis of Methyl-(E)-3-(3-fluoro-2-((((2-methoxy-5-(trifluroromethyl)phenyl)imino)methylene)amino)phenyl)acrylate | J47: PMI
H48: Impact Share | J48: =(D50+D51+D52+D53+D54+D56+D57)/D60 -> 22.189773
A49: Reactants | B49: Given Stoichiometry | C49: Unit | D49: Mass Stoich | E49: Unit | F49: GWP kgCO2-eq/kg | G49: GWP kgCO2-eq | H49: Starting Materials | I49: =G50 -> 0
A50: 5 | B50: 2 | C50: kg | D50: =($D$60/$B$60)*B50 -> 1.0630629 | E50: kg | F50: =$F$44 -> 0 | G50: =F50*D50 -> 0 | H50: Reagents | I50: =SUM(G51:G54) -> 0
A51: PCl5 | B51: 1.24 | C51: kg | D51: =($D$60/$B$60)*B51 -> 0.65909902 | E51: kg | F51: ='A. Databases'!$H$25 -> 0 | G51: =F51*D51 -> 0 | H51: Catalysts | I51: 0
A52: 2- picoline | B52: 1.36 | C52: kg | D52: =($D$60/$B$60)*B52 -> 0.72288279 | E52: kg | F52: ='A. Databases'!$H$62 -> 0 | G52: =F52*D52 -> 0 | H52: Solvent | I52: =SUM(G56:G57) -> 0
A53: KOH | B53: 1.632 | C53: kg | D53: =($D$60/$B$60)*B53 -> 0.86745935 | E53: kg | F53: ='A. Databases'!$H$56 -> 0 | G53: =D53*F53 -> 0
A54: citric acid | B54: 1.398 | C54: kg | D54: =($D$60/$B$60)*B54 -> 0.74308099 | E54: kg | F54: ='A. Databases'!$H$57 -> 0 | G54: =D54*F54 -> 0
A55: Solvents | B55: Given Stoichiometry | C55: Unit | D55: Mass Stoich | E55: Unit
A56: toluene | B56: 24.144 | C56: kg | D56: =($D$60/$B$60)*B56 -> 12.833296 | E56: kg | F56: ='A. Databases'!$H$39 -> 0 | G56: =F56*D56 -> 0
A57: H2O | B57: 7.28 | C57: kg | D57: =($D$60/$B$60)*B57 -> 3.8695491 | E57: kg | F57: ='A. Databases'!$H$38 -> 0 | G57: =F57*D57 -> 0
A59: Product | B59: Given Stoichiometry | C59: Unit | D59: Mass Stoich | E59: Unit
A60: 17 | B60: 1.76 | C60: kg | D60: =D66 -> 0.93549538 | E60: kg | F60: =G60/D60 -> 0 | G60: =SUM(G50,G51,G56,G57,G52,G53,G54) -> 0
A63: Step 5 | B63: Synthesis of 11a | J63: PMI
H64: Impact Share | J64: =(D66+D67+D68+D69+D70+D72+D73)/D76 -> 10.152387
A65: Reactants | B65: Given Stoichiometry | C65: Unit | D65: Mass Stoich | E65: Unit | F65: GWP kgCO2-eq/kg | G65: GWP kgCO2-eq | H65: Starting Materials | I65: =G66 -> 0
A66: 17 | B66: 1.76 | C66: kg | D66: =($D$76/$B$76)*B66 -> 0.93549538 | E66: kg | F66: =$F$60 -> 0 | G66: =F66*D66 -> 0 | H66: Reagents | I66: =SUM(G67:G70) -> 0
A67: piperazine bis hydrochloride | B67: 1.38 | C67: kg | D67: =($D$76/$B$76)*B67 -> 0.73351342 | E67: kg | F67: ='B.4. Precursors'!I126 -> 0 | G67: =F67*D67 -> 0 | H67: Catalysts | I67: 0 | K67: =('A. Databases'!$H$64+'A. Databases'!$H$62+2*'A. Databases'!$H$63)/0.95/0.95 -> 0
A68: Et3N | B68: 1.0827651 | C68: kg | D68: =($D$76/$B$76)*B68 -> 0.57552372 | E68: kg | F68: ='A. Databases'!$H$66+3*'A. Databases'!$H$65 -> 0 | G68: =F68*D68 -> 0 | H68: Solvent | I68: =SUM(G72:G73) -> 0
A69: NaH2PO4 | B69: 2.7239482 | C69: kg | D69: =($D$76/$B$76)*B69 -> 1.4478642 | E69: kg | F69: ='A. Databases'!$H$54 -> 0 | G69: =F69*D69 -> 0
A70: Salicylic Acid | B70: 0.744 | C70: kg | D70: =($D$76/$B$76)*B70 -> 0.39545941 | E70: kg | F70: ='A. Databases'!$H$23 -> 0 | G70: =F70*D70 -> 0
A71: Solvents | B71: Given Stoichiometry | C71: Unit | D71: Mass Stoich | E71: Unit
A72: H2O | B72: 20.3 | C72: kg | D72: =($D$76/$B$76)*B72 -> 10.790089 | E72: kg | F72: ='A. Databases'!$H$38 -> 0 | G72: =F72*D72 -> 0
A73: Toluene | B73: 3.4492 | C73: kg | D73: =($D$76/$B$76)*B73 -> 1.8333583 | E73: kg | F73: ='A. Databases'!$H$39 -> 0 | G73: =F73*D73 -> 0
A75: Product | B75: Given Stoichiometry | C75: Unit | D75: Mass Stoich | E75: Unit
A76: 11a | B76: 3.0968 | C76: kg | D76: =D82 -> 1.6460466 | E76: kg | F76: =G76/D76 -> 0 | G76: =SUM(G66,G67,G72,G73,G68,G69,G70) -> 0
A79: Step 6 | B79: Synthesis of 8a | J79: PMI
H80: Impact Share | J80: =(D82+D83+D84+D88+D89)/D92 -> 21.184208
A81: Reactants | B81: Given Stoichiometry | C81: Unit | D81: Mass Stoich | E81: Unit | F81: GWP kgCO2-eq/kg | G81: GWP kgCO2-eq | H81: Starting Materials | I81: =G82 -> 0
A82: 11a | B82: 0.498 | C82: kg | D82: =($D$92/$B$92)*B82 -> 1.6460466 | E82: kg | F82: =$F$76 -> 0 | G82: =F82*D82 -> 0 | H82: Reagents | I82: =G83 -> 0
A83: K3PO4 | B83: 0.4372762 | C83: kg | D83: =($D$92/$B$92)*B83 -> 1.4453354 | E83: kg | F83: ='A. Databases'!$H$54 -> 0 | G83: =F83*D83 -> 0 | H83: Catalysts | I83: =G84 -> 4.3951194
A84: Catalyst | B84: 0.028 | C84: kg | D84: =B84*D82/B82 -> 0.092548807 | E84: kg | F84: ='B.2. Chiral Cat Merck'!H13 -> 47.489746 | G84: =F84*D84 -> 4.3951194 | H84: Solvent | I84: =SUM(G88:G89) -> 0
A87: Solvents | B87: Given Stoichiometry | C87: Unit | D87: Mass Stoich | E87: Unit
A88: toluene | B88: 4.57 | C88: kg | D88: =($D$92/$B$92)*B88 -> 15.105287 | E88: kg | F88: ='A. Databases'!$H$39 -> 0 | G88: =F88*D88 -> 0
A89: EtOAc | B89: 1.353 | C89: kg | D89: =($D$92/$B$92)*B89 -> 4.4720906 | E89: kg | F89: ='A. Databases'!$H$34 -> 0 | G89: =F89*D89 -> 0
A91: Product | B91: Given Stoichiometry | C91: Unit | D91: Mass Stoich | E91: Unit
A92: 8a (8) | B92: 0.3250665 | C92: kg | D92: =D98 -> 1.074447 | E92: kg | F92: =G92/D92 -> 4.0905873 | G92: =SUM(G82,G83,G88,G89,G84) -> 4.3951194
A95: Step 7 | B95: Synthesis of Letermovir | J95: PMI
H96: Impact Share | J96: =(D98+D99+D100+D101+D104+D105+D106)/D108 -> 61.92224
A97: Reactants | B97: Given Stoichiometry Reference | C97: Unit | D97: Mass Stoich | E97: Unit | F97: GWP kgCO2-eq/kg | G97: GWP kgCO2-eq | H97: Starting Materials | I97: =G98 -> 4.3951194
A98: 8a (8) | B98: 0.02170383 | C98: kg | D98: =($D$108/$B$108)*B98 -> 1.074447 | E98: kg | F98: =$F$92 -> 4.0905873 | G98: =F98*D98 -> 4.3951194 | H98: Reagents | I98: =SUM(G99:G101) -> 0
A99: Na2HPO4 | B99: 0.001334424 | C99: kg | D99: =($D$108/$B$108)*B99 -> 0.066060594 | E99: kg | F99: ='A. Databases'!$H$54 -> 0 | G99: =F99*D99 -> 0 | H99: Catalysts | I99: 0
A100: NaOH | B100: 0.006039 | C100: kg | D100: =($D$108/$B$108)*B100 -> 0.2989604 | E100: kg | F100: ='A. Databases'!$H$20 -> 0 | G100: =F100*D100 -> 0 | H100: Solvent | I100: =SUM(G104:G106) -> 0
A101: Acetone | B101: 0.4704 | C101: kg | D101: =($D$108/$B$108)*B101 -> 23.287129 | E101: kg | F101: ='A. Databases'!$H$59 -> 0 | G101: =F101*D101 -> 0
A103: Solvents | B103: Given Stoichiometry | C103: Unit | D103: Mass Stoich | E103: Unit
A104: MTBE | B104: 0.059232 | C104: kg | D104: =($D$108/$B$108)*B104 -> 2.9322772 | E104: kg | F104: ='A. Databases'!$H$47 -> 0 | G104: =F104*D104 -> 0
A105: MTBE | B105: 0.22212 | C105: kg | D105: =($D$108/$B$108)*B105 -> 10.99604 | E105: kg | F105: ='A. Databases'!$H$47 -> 0 | G105: =F105*D105 -> 0
A106: H2O | B106: 0.47 | C106: kg | D106: =($D$108/$B$108)*B106 -> 23.267327 | E106: kg | F106: ='A. Databases'!$H$38 -> 0 | G106: =F106*D106 -> 0
A107: Product | B107: Given Stoichiometry | C107: Unit | D107: Mass Stoich | E107: Unit
A108: Letermovir | B108: 0.0202 | C108: kg | D108: 1 | E108: kg | F108: =G108 -> 4.3951194 | G108: =SUM(G98,G99,G100,G101,G104,G105,G106) -> 4.3951194

Sheet B.1. Chiral Cat This Work
A1: Step 1 | B1: Synthesis of 1,1'-bi-2-napthhol | J1: Yield | K1: Product mass | N1: Step 1
A2: Chemicals | B2: MW | C2: Masse | D2: Volumen | E2: Density | F2: mmol | G2: equiv | J2: 0.96 | K2: 3.80 g
A3: 2-Naphthol | B3: 144.06 | C3: 4.03 g | F3: 28 | G3: 1 | N3: Reactants | O3: Given Stoichiometry | P3: Unit | Q3: Moles | R3: Unit | S3: Mass Stoich | T3: Unit | U3: GWP kgCO2-eq/kg | V3: GWP kgCO2-eq
A4: FeCl3 . 6H2O | B4: 270.3 | C4: 15.14 g | F4: 56 | G4: 2 | N4: 2-Naphthol | P4: MW | S4: 0.00403 | T4: kg | U4: ='A. Databases'!H73 -> 0 | V4: =U4*S4 -> 0
A5: H2O | D5: 200 mL | N5: FeCl3 . 6H2O | P5: MW | S5: 0.01514 | T5: kg | U5: ='A. Databases'!H74 -> 0 | V5: =U5*S5 -> 0
A6: Ethanol | D6: 40 mL | T6: kg
N7: Solvents | O7: Given Stoichiometry | P7: Unit | S7: Mass Stoich | T7: Unit
N8: H2O | P8: kg | S8: 0.2 | T8: kg | U8: ='A. Databases'!H75 -> 0 | V8: =U8*S8 -> 0
A9: Step 2 | B9: Chiral resolution of 1,1'-bi-2-napthhol | J9: Yield | K9: Product mass | N9: Ethanol | S9: 0.04 | T9: kg | U9: ='A. Databases'!H76 -> 0 | V9: =U9*S9 -> 0
A10: Chemicals | B10: MW | C10: Masse | D10: Volumen | E10: Density | F10: mmol | G10: equiv | I10: (S) | J10: 89-93% | K10: 10.28-10.65 g | N10: Yield
A11: 1,1'-bi-2-napthhol | B11: 286.1 | C11: 23.0 g | F11: 80 | G11: 1 | N11: Product | O11: Given Stoichiometry | P11: Unit | S11: Mass Stoich | T11: Unit
A12: N-benzylcinchonidinium chloride | B12: 420.2 | C12: 18.6 g | F12: 44 | G12: 0.55 | N12: 1,1'-bi-2-napthhol | P12: MW | R12: mol | S12: 0.0038 | T12: kg | U12: =V12/S12 -> 0 | V12: =SUM(V4:V11) -> 0
A13: Acetonitrile | D13: 300 mL
A14: Ethyl acetate | D14: 300 mL
A15: HCl (1N aquoues) | D15: 200 mL
A16: sat. aq. NaCl | D16: 100 mL
A17: Solid that was filtered off from step 2.1 was recrystallized
A18: Acetonitrile | D18: 50 mL | I18: ( R) | J18: 85-88% | K18: 9.83-10.16 g | N18: Step 2
A19: Methanol | D19: 120 mL
A20: Ethyl acetate | D20: 300 mL | N20: Reactants | O20: Given Stoichiometry | P20: Unit | Q20: Moles | R20: Unit | S20: Mass Stoich | T20: Unit | U20: GWP kgCO2-eq/kg | V20: GWP kgCO2-eq
A21: HCl (1N aquoues) | D21: 300 mL | N21: 1,1'-bi-2-napthhol | P21: MW | S21: 0.023 | T21: kg | U21: =U12 -> 0 | V21: =U21*S21 -> 0
A22: sat. aq. NaCl | D22: 150 mL | N22: N-benzylcinchonidinium chloride | P22: MW | S22: 0.0186 | T22: kg
A25: Step 3 | B25: MOM-protection | J25: Yield | K25: Product mass
A26: Chemicals | B26: MW | C26: Masse | D26: Volumen | E26: Density | F26: mmol | G26: equiv | J26: 1 | K26: 12.42 g | N26: Solvents | O26: Given Stoichiometry | P26: Unit | S26: Mass Stoich | T26: Unit
A27: 1,1'-bi-2-napthhol | B27: 286.1 | C27: 9.5 g | F27: 33.2 | G27: 1 | N27: Acetonitrile | O27: 300 mL | P27: ml | S27: 0.3 | T27: kg | U27: ='A. Databases'!H77 -> 0 | V27: =U27*S27 -> 0
A28: chloromethyl methyl ether | B28: 80 | D28: 5.54 | E28: 1.06 | F28: 73 | G28: 2.2 | N28: Ethyl acetate | O28: 300 mL | P28: ml | S28: 0.3 | T28: kg | U28: ='A. Databases'!H78 -> 0 | V28: =U28*S28 -> 0
A29: Sodium hydride (60% in oil) | C29: 2.92 | F29: 73 | G29: 2.2 | N29: HCl (1N aquoues) | O29: 200 mL | P29: ml | S29: 0.2 | T29: kg | U29: ='A. Databases'!H79/16 -> 0 | V29: =U29*S29 -> 0
A30: THF | D30: 200 mL | N30: sat. aq. NaCl | O30: 100 mL | P30: ml | S30: 1 | T30: kg | U30: ='A. Databases'!H81 -> 0 | V30: =U30*S30 -> 0
A31: NH4Cl sat. aq. | D31: 50 mL | N31: Acetonitrile | O31: 50 mL | P31: ml | S31: 0.05 | T31: kg | U31: ='A. Databases'!H77 -> 0 | V31: =U31*S31 -> 0
A32: CH2Cl2 | D32: 150 mL | N32: Methanol | O32: 120 mL | P32: ml | S32: 0.12 | T32: kg | U32: ='A. Databases'!H80 -> 0 | V32: =U32*S32 -> 0
A33: sat. aq. NaCl | D33: 50 mL | N33: Ethyl acetate | O33: 300 mL | P33: ml | S33: 0.3 | T33: kg | U33: ='A. Databases'!H78 -> 0 | V33: =U33*S33 -> 0
N34: HCl (1N aquoues) | O34: 300 mL | P34: ml | S34: 0.3 | T34: kg | U34: ='A. Databases'!H79/16 -> 0 | V34: =U34*S34 -> 0
A35: purification by column chromatography with EtOAc/hexane and then recrystallization from CH2Cl2/Hex
A37: Step 4 | B37: ortho-Bpin | J37: Yield | K37: Product mass | N37: Yield
A38: Chemicals | B38: MW | C38: Masse | D38: Volumen | E38: Density | F38: mmol | G38: equiv | J38: 0.9 | K38: 15.03 | N38: Product | O38: Given Stoichiometry | P38: Unit | S38: Mass Stoich | T38: Unit
A39: 2,2’-bis(methoxymethoxy)- 1,1’-binaphthyl | B39: 374.15 | C39: 10.00 g | F39: 26.7 | G39: 1 | P39: MW | R39: mol | S39: 0.01016 | T39: kg | U39: =V39/S39/2 -> 0 | V39: =SUM(V21:V37) -> 0 | W39: Alloaction of enantiomer, divided by 2
A40: Diethylether | D40: 300 mL
A41: n-BuLi (1.6M in hexane) | D41: 50.0 mL | F41: 80 | G41: 3
A42: i-PrOBPin (2-isopropoxy-4,4,5,5-tetramethyl -1,3,2-dioxaborolane) | D42: 21.8 mL | F42: 106.8 | G42: 4
A43: NH4Cl sat. aq. | D43: unknown | N43: Step 3
A44: Ethyl Acetate | D44: unknown
N45: Reactants | O45: Given Stoichiometry | P45: Unit | Q45: Moles | R45: Unit | S45: Mass Stoich | T45: Unit | U45: GWP kgCO2-eq/kg | V45: GWP kgCO2-eq
N46: 1,1'-bi-2-napthhol | P46: MW | S46: 0.0095 | T46: kg | U46: =U39 -> 0 | V46: =U46*S46 -> 0
A47: Step 5 | B47: Cross-coupling + MOM deprotection | J47: Yield | K47: Product mass | N47: chloromethyl methyl ether | P47: MW | S47: =0.08*0.073 -> 0.00584 | T47: kg | U47: ='A. Databases'!H82 -> 0 | V47: =U47*S47 -> 0
A48: Chemicals | B48: MW | C48: Masse | D48: Volumen | E48: Density | F48: mmol | G48: equiv | J48: 99 | N48: Sodium hydride (60% in oil) | S48: 0.00202 | T48: kg | U48: ='B.4. Precursors'!I113 -> 0 | V48: =U48*S48 -> 0
A49: 2,2'-(2,2'-bis(methoxymethoxy)-[1,1'-binaphthalene]-3,3'-diyl)bis(4,4,5,5-tetramethyl-1,3,2-dioxaborolane) | B49: 626.32 | C49: 2.24 g | F49: 3.58 | G49: 1
A50: 2-bromo-benzofuran | C50: 1.9 g | F50: 9.64 mmol | G50: 2.7
A51: 1,4-dioxane | D51: 30 mL | N51: Solvents | O51: Given Stoichiometry | P51: Unit | S51: Mass Stoich | T51: Unit
A52: K2CO3 (2.0M in H2O) | D52: 10 mL | F52: 20 mmol | G52: 5.6 | N52: THF | O52: 200 mL | P52: ml | S52: 0.2 | T52: kg | U52: ='A. Databases'!H83 -> 0 | V52: =U52*S52 -> 0
A53: Pd(Ph3P)4 | C53: 0.185 g | F53: 0.16 | G53: 0.045 | N53: NH4Cl sat. aq. | O53: 50 mL | P53: ml | S53: 0.05 | T53: kg | U53: ='A. Databases'!H84 -> 0 | V53: =U53*S53 -> 0
A54: NH4Cl sat. aq. | D54: unknown | N54: CH2Cl2 | O54: 150 mL | P54: ml | S54: 0.15 | T54: kg | U54: ='A. Databases'!H85 -> 0 | V54: =U54*S54 -> 0
A55: EtOAc | D55: unknown | N55: sat. aq. NaCl | O55: 50 mL | P55: ml | S55: 0.05 | T55: kg | U55: ='A. Databases'!H81 -> 0 | V55: =U55*S55 -> 0
A56: THF | D56: 25 mL
A57: HCl 4M in 1,4-dioxane | D57: 16 mL | F57: 64 mmol | G57: 18
A58: EtOAc | D58: unknown
A59: HCl 1.2M aq | D59: 100 mL | N59: Yield
A60: NaHCO3 sat. aq. | D60: unknown | N60: Product | O60: Given Stoichiometry | P60: Unit | S60: Mass Stoich | T60: Unit
A61: sat. aq. NaCl | D61: unknown | N61: 2,2’-bis(methoxymethoxy)- 1,1’-binaphthyl | P61: MW | S61: 0.01242 | T61: kg | U61: =V61/S61 -> 0 | V61: =SUM(V46:V59) -> 0
A63: purification by column chromatogaphy with hex/EtOAc 19:1 to 9:1
A66: Step 6 | B66: Cross-coupling + MOM deprotection | J66: Yield | K66: Product mass | N66: Step 4
A67: Chemicals | B67: MW | C67: Masse | D67: Volumen | E67: Density | F67: mmol | G67: equiv | J67: 0.51
A68: BINOL | C68: 1.06 g | F68: 2.05 mmol | G68: 2.03 | N68: Reactants | O68: Given Stoichiometry | P68: Unit | Q68: Moles | R68: Unit | S68: Mass Stoich | T68: Unit | U68: GWP kgCO2-eq/kg | V68: GWP kgCO2-eq
A69: P(NSO2C6F5)Cl3 | C69: 0.782 g | F69: 2.04 mmol | G69: 2.03 | N69: 2,2’-bis(methoxymethoxy)- 1,1’-binaphthyl | P69: MW | S69: 0.01 | T69: kg | U69: =U61 -> 0 | V69: =S69*U69 -> 0
A70: Et3N | D70: 1.2 mL | F70: 8.6 mmol | G70: 8.6
A71: HMDS (Hexamethyldisilazane) | D71: 0.21 mL | F71: 1.01 mmol | G71: 1
A72: HCl (1.2M aq) | D72: unknown
A73: CH2Cl2 | D73: unknown
N74: Solvents | O74: Given Stoichiometry | P74: Unit | S74: Mass Stoich | T74: Unit
N75: Diethylether | O75: 300 | P75: ml | S75: 0.3 | T75: kg | U75: ='A. Databases'!H86 -> 0 | V75: =S75*U75 -> 0
N76: n-BuLi (1.6M in hexane) | O76: 50 | P76: ml | S76: 0.05 | T76: kg | U76: ='B.4. Precursors'!I108 -> 0 | V76: =S76*U76 -> 0
N77: i-PrOBPin (2-isopropoxy-4,4,5,5-tetramethyl -1,3,2-dioxaborolane) | O77: 21.8 | P77: ml | Q77: 0.1068 | R77: moles | S77: =Q77*186.06/10000 -> 0.0019871208 | T77: kg | U77: =((1*'A. Databases'!H99+3*'A. Databases'!H100)/0.87)/0.9 -> 0 | V77: =S77*U77 -> 0
V78: =S78*U78 -> 0
N82: Yield
N83: Product | O83: Given Stoichiometry | P83: Unit | S83: Mass Stoich | T83: Unit
N84: 2,2'-(2,2'-bis(methoxymethoxy)-[1,1'-binaphthalene]-3,3'-diyl)bis(4,4,5,5-tetramethyl-1,3,2-dioxaborolane) | P84: MW | R84: mol | S84: 0.01503 | T84: kg | U84: =V84/S84 -> 0 | V84: =SUM(V69:V81) -> 0
N89: Step 5
N91: Reactants | O91: Given Stoichiometry | P91: Unit | Q91: Moles | R91: Unit | S91: Mass Stoich | T91: Unit | U91: GWP kgCO2-eq/kg | V91: GWP kgCO2-eq
N92: 2,2'-(2,2'-bis(methoxymethoxy)-[1,1'-binaphthalene]-3,3'-diyl)bis(4,4,5,5-tetramethyl-1,3,2-dioxaborolane) | P92: MW | S92: 0.00224 | T92: kg | U92: =U84 -> 0 | V92: =U92*S92 -> 0
N93: 2-bromo-benzofuran | P93: MW | S93: 0.0019 | T93: kg | U93: ='A. Databases'!H23/0.82/0.635/0.47 -> 0 | V93: =U93*S93 -> 0
N94: Pd(Ph3P)4 | O94: 1155 | P94: MW | S94: 0.000185 | T94: kg | U94: =(106/1155)*'A. Databases'!H30 -> 0 | V94: =U94*S94 -> 0
N97: Solvents | O97: Given Stoichiometry | P97: Unit | S97: Mass Stoich | T97: Unit
N98: 1,4-dioxane | O98: 30 | P98: ml | S98: 0.03 | T98: kg | U98: ='A. Databases'!H87 -> 0 | V98: =U98*S98 -> 0
N99: K2CO3 (2.0M in H2O) | O99: 10 | P99: ml | S99: 0.01 | T99: kg | U99: ='A. Databases'!H88 -> 0 | V99: =U99*S99 -> 0
N100: THF | O100: 25 | P100: ml | S100: 0.025 | T100: kg | U100: ='A. Databases'!H83 -> 0 | V100: =U100*S100 -> 0
N101: HCl 4M in 1,4-dioxane | O101: 16 | P101: ml | S101: =0.016/4 -> 0.004 | T101: kg | U101: ='A. Databases'!H79 -> 0 | V101: =U101*S101 -> 0
N102: HCl 1.2M aq | O102: 100 | P102: ml | S102: =0.1/16 -> 0.00625 | T102: kg | U102: ='A. Databases'!H79 -> 0 | V102: =U102*S102 -> 0
T104: kg
N105: Yield
N106: Product | O106: Given Stoichiometry | P106: Unit | S106: Mass Stoich | T106: Unit
N107: BINOL | P107: MW | R107: mol | S107: 0.00224 | T107: kg | U107: =V107/S107 -> 0 | V107: =SUM(V92:V104) -> 0
N113: Step 6
N115: Reactants | O115: Given Stoichiometry | P115: Unit | Q115: Moles | R115: Unit | S115: Mass Stoich | T115: Unit | U115: GWP kgCO2-eq/kg | V115: GWP kgCO2-eq
N116: BINOL | P116: MW | S116: 0.00106 | T116: kg | U116: =U107 -> 0 | V116: =U116*S116 -> 0
N117: P(NSO2C6F5)Cl3 | S117: 0.000782 | T117: kg | U117: ='A. Databases'!H22/0.044/0.99/0.53/0.91/0.99 -> 0 | V117: =U117*S117 -> 0
N121: Solvents | O121: Given Stoichiometry | P121: Unit | S121: Mass Stoich | T121: Unit
N122: Et3N | O122: 1.2 | P122: ml | S122: 0.0012 | T122: kg | U122: ='A. Databases'!H70 -> 0 | V122: =U122*S122 -> 0
N123: HMDS (Hexamethyldisilazane) | O123: 0.21 | P123: ml | S123: 0.00021 | T123: kg | U123: ='A. Databases'!H90 -> 0 | V123: =U123*S123 -> 0
V124: =U124*S124 -> 0
T128: kg | Z128: R_threshold | AA128: 0.5
N129: Yield | Z129: r = (1-recovery rate) | AA129: =(1-AC129) -> 0.5 | AB129: Recov rate | AC129: 0.5
...

Sheet B.2. Chiral Cat Merck
A1: Step 1
A3: Reactants | B3: molecular weight | C3: Unit | D3: Moles | E3: Unit | F3: Mass Stoich | G3: Unit | H3: GWP kgCO2-eq/kg | I3: GWP kgCO2-eq
A4: O[C@@H]([C@@H]1C[C@@H]2CC[N@]1C[C@@H]2C=C)C3=CC=NC4=C3C=CC=C4 | B4: 294.4 | C4: MW | D4: 1 | E4: mol | F4: =B4/1000 -> 0.2944 | G4: kg | H4: ='A. Databases'!H94 -> 123.37457 | I4: =H4*F4 -> 36.321474
A5: BrCC1=CC(C(F)(F)F)=CC(C(F)(F)F)=C1 | B5: 307.03 | C5: MW | D5: 1 | E5: mol | F5: =B5/1000 -> 0.30703 | G5: kg | H5: =H95 -> 0 | I5: =H5*F5 -> 0
A6: BrCC1=CC=CC(C(F)(F)F)=C1 | B6: 239.04 | C6: MW | D6: =263/175 -> 1.5028571 | E6: mol | F6: =B6/1000 -> 0.23904 | G6: kg | H6: =R95 -> 0 | I6: =H6*F6 -> 0
A7: Solvents | B7: Given Stoichiometry | C7: Unit | D7: Density | F7: Mass Stoich | G7: Unit
A8: MeCN | B8: =7/8*840 -> 735 | C8: ml | D8: 0.786 | F8: =B8*D8/1000 -> 0.57771 | G8: kg | H8: ='A. Databases'!H6 -> 0 | I8: =H8*F8 -> 0
A9: EtOAc | B9: 3500 | C9: ml | D9: 0.902 | F9: =B9*D9/1000 -> 3.157 | G9: kg | H9: ='A. Databases'!H19 -> 0 | I9: =H9*F9 -> 0
A10: iProAc | B10: =1/8*840 -> 105 | C10: ml | D10: 0.87 | F10: =B10*D10/1000 -> 0.09135 | G10: kg | H10: ='A. Databases'!H18 -> 0 | I10: =H10*F10 -> 0
A11: Yield | B11: 0.91
A12: Product | B12: Given Stoichiometry | C12: Unit | D12: Moles | E12: Unit | F12: Mass Stoich | G12: Unit
A13: O[C@@H]([C@@H]1C[C@@H]2CC[N@@+]1(CC3=CC(C(F)(F)F)=CC(C(F)(F)F)=C3)C[C@@H]2C=C)C(C4=C5C=CC=C4)=CC=[N+]5CC6=CC=CC(C(F)(F)F)=C6 | B13: 840.47 | C13: MW | D13: 1 | E13: mol | F13: =B13/1000 -> 0.84047 | G13: kg | H13: =I13/F13/B11 -> 47.489746 | I13: =SUM(I4:I11) -> 36.321474
A17: Reagents Production (BrCC1=CC(C(F)(F)F)=CC(C(F)(F)F)=C1) | K17: Reagents Production BrCC1=CC=CC(C(F)(F)F)=C1
A19: Step 1 | K19: Step 1
A21: Reactants | B21: molecular weight | C21: Unit | D21: Moles | E21: Unit | F21: Mass Stoich | G21: Unit | H21: GWP kgCO2-eq/kg | I21: GWP kgCO2-eq | K21: Reactants | L21: molecular weight | M21: Unit | N21: Moles | O21: Unit | P21: Mass Stoich | Q21: Unit | R21: GWP kgCO2-eq/kg | S21: GWP kgCO2-eq
A22: CC1=CC(C)=CC=C1 | B22: 106.17 | C22: MW | D22: 1 | E22: mol | F22: =D22*B22/1000 -> 0.10617 | G22: kg | H22: ='A. Databases'!H95 -> 0 | I22: =H22*F22 -> 0 | K22: CC1=CC=CC=C1 | L22: 92.14 | M22: MW | N22: 1 | O22: mol | P22: =N22*L22/1000 -> 0.09214 | Q22: kg | R22: ='A. Databases'!H22 -> 0 | S22: =R22*P22 -> 0
A23: Cl2 | B23: 70.9 | C23: MW | D23: 3 | E23: mol | F23: =D23*B23/1000 -> 0.2127 | G23: kg | H23: ='A. Databases'!$H$12 -> 0 | I23: =H23*F23 -> 0 | K23: Cl2 | L23: 70.9 | M23: MW | N23: 1.5 | O23: mol | P23: =N23*L23/1000 -> 0.10635 | Q23: kg | R23: ='A. Databases'!$H$12 -> 0 | S23: =R23*P23 -> 0
A24: - | K24: -
A25: Solvents | B25: molecular weight | C25: Unit | D25: Moles | E25: Unit | F25: Mass Stoich | G25: Unit | H25: GWP kgCO2-eq/kg | I25: GWP kgCO2-eq | K25: Solvents | L25: molecular weight | M25: Unit | N25: Moles | O25: Unit | P25: Mass Stoich | Q25: Unit | R25: GWP kgCO2-eq/kg | S25: GWP kgCO2-eq
A26: - | K26: -
A27: - | K27: -
A28: Yield | B28: 0.95 | K28: Yield | L28: 0.95
A29: Product | B29: molecular weight | C29: Unit | D29: Moles | E29: Unit | F29: Mass Stoich | G29: Unit | H29: GWP kgCO2-eq/kg | I29: GWP kgCO2-eq | K29: Product | L29: molecular weight | M29: Unit | N29: Moles | O29: Unit | P29: Mass Stoich | Q29: Unit | R29: GWP kgCO2-eq/kg | S29: GWP kgCO2-eq
A30: ClC(C1=CC(C(Cl)(Cl)Cl)=CC=C1)(Cl)Cl | B30: 312.82 | C30: MW | D30: 1 | E30: mol | F30: =D30*B30/1000 -> 0.31282 | G30: kg | H30: =I30/F30/B28 -> 0 | I30: =SUM(I22,I23,I26,I27,I28) -> 0 | K30: ClC(C1=CC(C(Cl)(Cl)Cl)=CC=C1)(Cl)Cl | L30: 195.47 | M30: MW | N30: 1 | O30: mol | P30: =N30*L30/1000 -> 0.19547 | Q30: kg | R30: =S30/P30/L28 -> 0 | S30: =SUM(S22,S23,S26,S27,S28) -> 0
A32: Step 2 | K32: Step 2
A34: Reactants | B34: molecular weight | C34: Unit | D34: Moles | E34: Unit | F34: Mass Stoich | G34: Unit | H34: GWP kgCO2-eq/kg | I34: GWP kgCO2-eq | K34: Reactants | L34: molecular weight | M34: Unit | N34: Moles | O34: Unit | P34: Mass Stoich | Q34: Unit | R34: GWP kgCO2-eq/kg | S34: GWP kgCO2-eq
A35: ClC(C1=CC(C(Cl)(Cl)Cl)=CC=C1)(Cl)Cl | B35: 312.82 | C35: MW | D35: 1 | E35: mol | F35: 0.31282 | G35: kg | H35: =H30 -> 0 | I35: =H35*F35 -> 0 | K35: ClC(C1=CC(C(Cl)(Cl)Cl)=CC=C1)(Cl)Cl | L35: 195.47 | M35: MW | N35: 1 | O35: mol | P35: 0.31282 | Q35: kg | R35: =R30 -> 0 | S35: =R35*P35 -> 0
A36: HF | B36: 20.01 | C36: MW | D36: 6 | E36: mol | F36: =D36*B36/1000 -> 0.12006 | G36: kg | H36: ='A. Databases'!$H$96 -> 0 | I36: =H36*F36 -> 0 | K36: HF | L36: 20.01 | M36: MW | N36: 3 | O36: mol | P36: =N36*L36/1000 -> 0.06003 | Q36: kg | R36: ='A. Databases'!$H$96 -> 0 | S36: =R36*P36 -> 0
A38: Solvents | B38: molecular weight | C38: Unit | D38: Moles | E38: Unit | F38: Mass Stoich | G38: Unit | H38: GWP kgCO2-eq/kg | I38: GWP kgCO2-eq | K38: Solvents | L38: molecular weight | M38: Unit | N38: Moles | O38: Unit | P38: Mass Stoich | Q38: Unit | R38: GWP kgCO2-eq/kg | S38: GWP kgCO2-eq
A39: - | K39: -
A40: - | K40: -
A41: Yield | B41: 1 | K41: Yield | L41: 1
A42: Product | B42: molecular weight | C42: Unit | D42: Moles | E42: Unit | F42: Mass Stoich | G42: Unit | H42: GWP kgCO2-eq/kg | I42: GWP kgCO2-eq | K42: Product | L42: molecular weight | M42: Unit | N42: Moles | O42: Unit | P42: Mass Stoich | Q42: Unit | R42: GWP kgCO2-eq/kg | S42: GWP kgCO2-eq
A43: FC(C1=CC(C(F)(F)F)=CC=C1)(F)F | B43: 214.11 | C43: MW | D43: 1 | E43: mol | F43: =B43*D43/1000 -> 0.21411 | H43: =I43/F43/B41 -> 0 | I43: =SUM(I35,I36,I37,I39,I40) -> 0 | K43: FC(C1=CC(C(F)(F)F)=CC=C1)(F)F | L43: 146.11 | M43: MW | N43: 1 | O43: mol | P43: =L43*N43/1000 -> 0.14611 | R43: =S43/P43/L41 -> 0 | S43: =SUM(S35,S36,S37,S39,S40) -> 0
A45: Step 3 | K45: Step 3
A47: Reactants | B47: molecular weight | C47: Unit | D47: Moles | E47: Unit | F47: Mass Stoich | G47: Unit | H47: GWP kgCO2-eq/kg | I47: GWP kgCO2-eq | K47: Reactants | L47: molecular weight | M47: Unit | N47: Moles | O47: Unit | P47: Mass Stoich | Q47: Unit | R47: GWP kgCO2-eq/kg | S47: GWP kgCO2-eq
A48: FC(C1=CC(C(F)(F)F)=CC=C1)(F)F | B48: 214.11 | C48: MW | D48: 1 | E48: mol | F48: 0.21411 | G48: kg | H48: =H43 -> 0 | I48: =H48*F48 -> 0 | K48: FC(C1=CC(C(F)(F)F)=CC=C1)(F)F | L48: 146.11 | M48: MW | N48: 1 | O48: mol | P48: 0.21411 | Q48: kg | R48: =R43 -> 0 | S48: =R48*P48 -> 0
A49: H2SO4 | B49: 98.079 | C49: MW | D49: 1 | E49: mol | F49: =B49*D49/1000 -> 0.098079 | G49: kg | H49: ='A. Databases'!$H$16 -> 0 | I49: =H49*F49 -> 0 | K49: H2SO4 | L49: 98.079 | M49: MW | N49: 1 | O49: mol | P49: =L49*N49/1000 -> 0.098079 | Q49: kg | R49: ='A. Databases'!$H$16 -> 0 | S49: =R49*P49 -> 0
A50: O=C(N1Br)N(Br)C(C)(C)C1=O | B50: 0 | H50: ? | K50: O=C(N1Br)N(Br)C(C)(C)C1=O | L50: 0 | R50: ?
A51: Solvents | B51: molecular weight | C51: Unit | D51: Moles | E51: Unit | F51: Mass Stoich | G51: Unit | H51: GWP kgCO2-eq/kg | I51: GWP kgCO2-eq | K51: Solvents | L51: molecular weight | M51: Unit | N51: Moles | O51: Unit | P51: Mass Stoich | Q51: Unit | R51: GWP kgCO2-eq/kg | S51: GWP kgCO2-eq
A52: AcOH | B52: 60.052 | C52: MW | D52: 10 | E52: mol | F52: =D52*B52/1000 -> 0.60052 | G52: kg | H52: ='A. Databases'!H59 -> 0 | I52: =H52*F52 -> 0 | K52: AcOH | L52: 60.052 | M52: MW | N52: 10 | O52: mol | P52: =N52*L52/1000 -> 0.60052 | Q52: kg | R52: ='A. Databases'!H59 -> 0 | S52: =R52*P52 -> 0
A53: - | K53: -
A54: Yield | B54: 0.93 | K54: Yield | L54: 0.93
A55: Product | B55: molecular weight | C55: Unit | D55: Moles | E55: Unit | F55: Mass Stoich | G55: Unit | H55: GWP kgCO2-eq/kg | I55: GWP kgCO2-eq | K55: Product | L55: molecular weight | M55: Unit | N55: Moles | O55: Unit | P55: Mass Stoich | Q55: Unit | R55: GWP kgCO2-eq/kg | S55: GWP kgCO2-eq
A56: BrC1=CC(C(F)(F)F)=CC(C(F)(F)F)=C1 | B56: 293.01 | C56: MW | D56: 1 | E56: mol | F56: =D56*B56/1000 -> 0.29301 | G56: kg | H56: =I56/F56/B54 -> 0 | I56: =SUM(I48,I50,I49,I52,I53) -> 0 | K56: BrC1=CC(C(F)(F)F)=CC(C(F)(F)F)=C1 | L56: 225.01 | M56: MW | N56: 1 | O56: mol | P56: =N56*L56/1000 -> 0.22501 | Q56: kg | R56: =S56/P56/L54 -> 0 | S56: =SUM(S48,S50,S49,S52,S53) -> 0
A58: Step 4 | K58: Step 4
A60: Reactants | B60: molecular weight | C60: Unit | D60: Moles | E60: Unit | F60: Mass Stoich | G60: Unit | H60: GWP kgCO2-eq/kg | I60: GWP kgCO2-eq | K60: Reactants | L60: molecular weight | M60: Unit | N60: Moles | O60: Unit | P60: Mass Stoich | Q60: Unit | R60: GWP kgCO2-eq/kg | S60: GWP kgCO2-eq
A61: BrC1=CC(C(F)(F)F)=CC(C(F)(F)F)=C1 | B61: 214.11 | C61: MW | D61: 1 | E61: mol | F61: 0.21411 | G61: kg | H61: =H56 -> 0 | I61: =H61*F61 -> 0 | K61: BrC1=CC(C(F)(F)F)=CC(C(F)(F)F)=C1 | L61: 225.01 | M61: MW | N61: 1 | O61: mol | P61: 0.21411 | Q61: kg | R61: =R56 -> 0 | S61: =R61*P61 -> 0
A62: DMF | B62: 73.09 | C62: MW | D62: 3 | E62: mol | F62: =B62*D62/1000 -> 0.21927 | G62: kg | H62: ='A. Databases'!$H$97 -> 0 | I62: =H62*F62 -> 0 | K62: DMF | L62: 73.09 | M62: MW | N62: 1.5 | O62: mol | P62: =L62*N62/1000 -> 0.109635 | Q62: kg | R62: ='A. Databases'!$H$97 -> 0 | S62: =R62*P62 -> 0
A63: iPRmgCl | B63: 102.85 | C63: MW | D63: 1.05 | E63: mol | F63: =D63*B63/1000 -> 0.1079925 | G63: kg | I63: =H63*F63 -> 0 | K63: iPRmgCl | L63: 102.85 | M63: MW | N63: 0.525 | O63: mol | P63: =N63*L63/1000 -> 0.05399625 | Q63: kg | S63: =R63*P63 -> 0
A64: Solvents | B64: molecular weight | C64: Unit | D64: Moles | E64: Unit | F64: Mass Stoich | G64: Unit | H64: GWP kgCO2-eq/kg | I64: GWP kgCO2-eq | K64: Solvents | L64: molecular weight | M64: Unit | N64: Moles | O64: Unit | P64: Mass Stoich | Q64: Unit | R64: GWP kgCO2-eq/kg | S64: GWP kgCO2-eq
A65: THF | K65: THF
A66: - | K66: -
A67: Yield | B67: 0.89 | K67: Yield | L67: 0.89
A68: Product | B68: molecular weight | C68: Unit | D68: Moles | E68: Unit | F68: Mass Stoich | G68: Unit | H68: GWP kgCO2-eq/kg | I68: GWP kgCO2-eq | K68: Product | L68: molecular weight | M68: Unit | N68: Moles | O68: Unit | P68: Mass Stoich | Q68: Unit | R68: GWP kgCO2-eq/kg | S68: GWP kgCO2-eq
A69: O=CC1=CC(C(F)(F)F)=CC(C(F)(F)F)=C1 | B69: 242.12 | C69: MW | D69: 1 | E69: mol | F69: =D69*B69/1000 -> 0.24212 | G69: kg | H69: =I69/F69/B67 -> 0 | I69: =SUM(I61,I62,I63,I65,I66) -> 0 | K69: O=CC1=CC(C(F)(F)F)=CC(C(F)(F)F)=C1 | L69: 174.12 | M69: MW | N69: 1 | O69: mol | P69: =N69*L69/1000 -> 0.17412 | Q69: kg | R69: =S69/P69/L67 -> 0 | S69: =SUM(S61,S62,S63,S65,S66) -> 0
A71: Step 5 | K71: Step 5
A73: Reactants | B73: molecular weight | C73: Unit | D73: Moles | E73: Unit | F73: Mass Stoich | G73: Unit | H73: GWP kgCO2-eq/kg | I73: GWP kgCO2-eq | K73: Reactants | L73: molecular weight | M73: Unit | N73: Moles | O73: Unit | P73: Mass Stoich | Q73: Unit | R73: GWP kgCO2-eq/kg | S73: GWP kgCO2-eq
A74: O=CC1=CC(C(F)(F)F)=CC(C(F)(F)F)=C1 | B74: 242.12 | C74: MW | D74: 1 | E74: mol | F74: =D74*B74/1000 -> 0.24212 | G74: kg | H74: =H69 -> 0 | I74: =H74*F74 -> 0 | K74: O=CC1=CC(C(F)(F)F)=CC(C(F)(F)F)=C1 | L74: 174.12 | M74: MW | N74: 1 | O74: mol | P74: =N74*L74/1000 -> 0.17412 | Q74: kg | R74: =R69 -> 0 | S74: =R74*P74 -> 0
A75: NaBH4 | B75: 37.83 | C75: MW | D75: 5.3 | E75: mol | F75: =D75*B75/1000 -> 0.200499 | G75: kg | H75: ='A. Databases'!$H$98 -> 0 | I75: =H75*F75 -> 0 | K75: NaBH4 | L75: 37.83 | M75: MW | N75: 2.5 | O75: mol | P75: =N75*L75/1000 -> 0.094575 | Q75: kg | R75: ='A. Databases'!$H$98 -> 0 | S75: =R75*P75 -> 0
A77: Solvents | B77: molecular weight | C77: Unit | D77: Moles | E77: Unit | F77: Mass Stoich | G77: Unit | H77: GWP kgCO2-eq/kg | I77: GWP kgCO2-eq | K77: Solvents | L77: molecular weight | M77: Unit | N77: Moles | O77: Unit | P77: Mass Stoich | Q77: Unit | R77: GWP kgCO2-eq/kg | S77: GWP kgCO2-eq
A78: MeOH | B78: 32.04 | C78: MW | D78: 0.2 | E78: mol | F78: =D78*B78/1000 -> 0.006408 | G78: kg | H78: ='A. Databases'!$H$8 -> 0 | I78: =H78*F78 -> 0 | K78: MeOH | L78: 32.04 | M78: MW | N78: 0.2 | O78: mol | P78: =N78*L78/1000 -> 0.006408 | Q78: kg | R78: ='A. Databases'!$H$8 -> 0 | S78: =R78*P78 -> 0
A79: - | K79: -
A80: Yield | B80: 0.96 | K80: Yield | L80: 0.96
A81: Product | B81: molecular weight | C81: Unit | D81: Moles | E81: Unit | F81: Mass Stoich | G81: Unit | H81: GWP kgCO2-eq/kg | I81: GWP kgCO2-eq | K81: Product | L81: molecular weight | M81: Unit | N81: Moles | O81: Unit | P81: Mass Stoich | Q81: Unit | R81: GWP kgCO2-eq/kg | S81: GWP kgCO2-eq
A82: OCC1=CC(C(F)(F)F)=CC(C(F)(F)F)=C1 | B82: 244.14 | C82: MW | D82: 1 | E82: mol | F82: =D82*B82/1000 -> 0.24414 | G82: kg | H82: =I82/F82/B80 -> 0 | I82: =SUM(I74,I75,I78) -> 0 | K82: OCC1=CC(C(F)(F)F)=CC(C(F)(F)F)=C1 | L82: 176.14 | M82: MW | N82: 1 | O82: mol | P82: =N82*L82/1000 -> 0.17614 | Q82: kg | R82: =S82/P82/L80 -> 0 | S82: =SUM(S74,S75,S78) -> 0
A84: Step 6 | K84: Step 6
A86: Reactants | B86: molecular weight | C86: Unit | D86: Moles | E86: Unit | F86: Mass Stoich | G86: Unit | H86: GWP kgCO2-eq/kg | I86: GWP kgCO2-eq | K86: Reactants | L86: molecular weight | M86: Unit | N86: Moles | O86: Unit | P86: Mass Stoich | Q86: Unit | R86: GWP kgCO2-eq/kg | S86: GWP kgCO2-eq
A87: OCC1=CC(C(F)(F)F)=CC(C(F)(F)F)=C1 | B87: 244.14 | C87: MW | D87: 1 | E87: mol | F87: 0.24414 | G87: kg | H87: =H82 -> 0 | I87: =H87*F87 -> 0 | K87: OCC1=CC(C(F)(F)F)=CC(C(F)(F)F)=C1 | L87: 176.14 | M87: MW | N87: 1 | O87: mol | P87: 0.24414 | Q87: kg | R87: =R82 -> 0 | S87: =R87*P87 -> 0
A88: sulfuric acid | B88: 98.079 | C88: MW | D88: 1.17 | E88: mol | F88: =D88*B88/1000 -> 0.11475243 | G88: kg | H88: ='A. Databases'!$H$16 -> 0 | I88: =H88*F88 -> 0 | K88: sulfuric acid | L88: 98.079 | M88: MW | N88: 1.17 | O88: mol | P88: =N88*L88/1000 -> 0.11475243 | Q88: kg | R88: ='A. Databases'!$H$16 -> 0 | S88: =R88*P88 -> 0
A89: HBr (Bromine) | B89: 80.91 | C89: MW | D89: 3.3 | E89: mol | F89: =D89*B89/1000 -> 0.267003 | G89: kg | H89: ='A. Databases'!$H$27 -> 0 | I89: =H89*F89 -> 0 | K89: HBr (Bromine) | L89: 80.91 | M89: MW | N89: 1.6 | O89: mol | P89: =N89*L89/1000 -> 0.129456 | Q89: kg | R89: ='A. Databases'!$H$27 -> 0 | S89: =R89*P89 -> 0
A90: Solvents | B90: molecular weight | C90: Unit | D90: Moles | E90: Unit | F90: Mass Stoich | G90: Unit | H90: GWP kgCO2-eq/kg | I90: GWP kgCO2-eq | K90: Solvents | L90: molecular weight | M90: Unit | N90: Moles | O90: Unit | P90: Mass Stoich | Q90: Unit | R90: GWP kgCO2-eq/kg | S90: GWP kgCO2-eq
A91: H2O | B91: - | C91: MW | D91: - | E91: - | H91: 0 | K91: H2O | L91: - | M91: MW | N91: - | O91: - | R91: 0
A93: Yield | B93: 0.99 | K93: Yield | L93: 0.99
A94: Product | B94: molecular weight | C94: Unit | D94: Moles | E94: Unit | F94: Mass Stoich | G94: Unit | H94: GWP kgCO2-eq/kg | I94: GWP kgCO2-eq | K94: Product | L94: molecular weight | M94: Unit | N94: Moles | O94: Unit | P94: Mass Stoich | Q94: Unit | R94: GWP kgCO2-eq/kg | S94: GWP kgCO2-eq
A95: BrCC1=CC(C(F)(F)F)=CC(C(F)(F)F)=C1 | B95: 307.03 | C95: MW | D95: 1 | E95: mol | F95: =D95*B95/1000 -> 0.30703 | G95: kg | H95: =I95/F95 -> 0 | I95: =SUM(I91,I89,I88,I87) -> 0 | K95: BrCC1=CC(C(F)(F)F)=CC(C(F)(F)F)=C1 | L95: 239.04 | M95: MW | N95: 1 | O95: mol | P95: =N95*L95/1000 -> 0.23904 | Q95: kg | R95: =S95/P95 -> 0 | S95: =SUM(S91,S89,S88,S87) -> 0

Sheet B.3. Pd Catalyst
A1: Compound | B1: MW [g/mol] | C1: Unit
A2: (t-Bu)3P-Pd G2 | B2: 512.4 | C2: g/mol
A3: Pd Content | B3: =B5/B6 -> 0.20768931
B4: MW [g/mol] | C4: Unit
A5: Pd | B5: 106.42 | C5: g/mol
A6: (t-Bu)3P-Pd G2 | B6: 512.4 | C6: g/mol
A9: Ligand Calculation
B11: MW [g/mol] | C11: unit | D11: Content on whole catalyst
A12: Tri-tert-butylphosphin | B12: 202.32 | C12: g/mol | D12: =B12/B2 -> 0.39484778
A13: [1,1'-biphenyl]-2-amine | B13: 169.227 | C13: g/mol | D13: =B13/B2 -> 0.33026347
A16: Tri-tert-butylphosphin
A18: Reaction Step | B18: Reactant | C18: MW [g/mol] | D18: LCI | E18: product | F18: MW | G18: LCI | H18: Yield
A19: Cat.1.1 | B19: tert butanol | C19: 74.12 | D19: ='A. Databases'!H120 -> 0 | E19: tert butly chloride | F19: 92.57 | G19: =((C19*D19+C20*D20)/F19)/H19 -> 0 | H19: 0.88
A20: Cat.1.1 | B20: HCl | C20: 36.46 | D20: ='A. Databases'!H79 -> 0
A21: Cat.1.2 | B21: tert butly chloride | C21: 92.57 | D21: =G19 -> 0 | E21: tert butly magnesium chloride | F21: 116.87 | G21: =((C21*D21+C22*D22)/F21)/H21 -> 0 | H21: 1
B22: magnesium | C22: 24.31 | D22: ='A. Databases'!H121 -> 0
A23: Cat 1.3. | B23: tert butly magnesium chloride | C23: 116.87 | D23: =G21 -> 0 | E23: Tri-tert-butylphosphin | F23: 202.32 | G23: =((C23*D23+C24*D24)/F23)/H23 -> 0 | H23: 0.883
B24: PCl3 | C24: 137.32 | D24: ='A. Databases'!H119 -> 0
A26: [1,1'-biphenyl]-2-amine
A27: Reaction Step | B27: Reactant | C27: MW [g/mol] | D27: LCI | E27: Product | F27: MW | G27: LCI | H27: Yield
A28: Cat.2.1 | B28: 2-Nitroaniline | C28: 138.13 | D28: ='A. Databases'!H123 -> 0 | E28: 2-nitro-1,1'-biphenyl | F28: 199.21 | G28: =((C28*D28+C29*D29+C30*D30)/F28)/H28 -> 0 | H28: 0.58
B29: Benzene | C29: 78.1 | D29: ='A. Databases'!H124 -> 0
B30: Sodium Nitrite | C30: 68.9953 | D30: ='A. Databases'!H122 -> 0
A31: Cat.2.2 | B31: 2-nitro-1,1'-biphenyl | C31: 199.21 | D31: =G28 -> 0 | E31: [1,1'-biphenyl]-2-amine | F31: 169.23 | G31: =(C31*D31+C32*D32)/F31 -> 0 | H31: 1
B32: H2 | C32: 2 | D32: ='A. Databases'!H102 -> 0
A37: 1kg Catalyst
B38: Unit | C38: Relative Amount | D38: GWP per FU kgco2eq/kg | E38: GWP if share Accounted kgco2eq/kg
A39: Pd | B39: Share in % | C39: =B3 -> 0.20768931 | D39: ='A. Databases'!H30 -> 0 | E39: =D39*C39 -> 0
A40: Tri-tert-butylphosphin | B40: Share in % | C40: =D12 -> 0.39484778 | D40: =G23 -> 0 | E40: =D40*C40 -> 0
A41: [1,1'-biphenyl]-2-amine | B41: Share in % | C41: =D13 -> 0.33026347 | D41: =G31 -> 0 | E41: =D41*C41 -> 0
D43: Number of cycles | E43: Total Sum for 1kg of Catalyst (kgCO2eq/kg) | F43: w/recovery rate kgCO2/kg
D44: =B56 -> 1 | E44: =SUM(E39:E41) -> 0 | F44: =E44/D44 -> 0
A49: Recovery Rate calculation | B49: Equation referenced in text
A51: Equation
A53: R_threshold | B53: 0.5
A54: r = (1-recovery rate) | B54: =(1-D54) -> 0.5 | C54: Recovery rate | D54: =Macro!D15 -> 0.5
A56: Number of cycles n | B56: =LN(B53)/LN(1-B54) -> 1

Sheet B.4. Precursors
A1: Merck Precursor
A3: Reaction Step | B3: Precursors | C3: MW [g/mol] | D3: LCI | E3: Products | F3: MW [g/mol] | G3: LCI | H3: Reagencies | J3: LCI | K3: Solvents | L3: LCI | M3: Reaction Energy | O3: Yield | P3: Estimated LCI to this stage | Q3: Literature
A4: P.1 | B4: ClC1=CC=CC=C1N(=O)=O | C4: 157.55 | D4: ='A. Databases'!H11 -> 0 | E4: FC1=C(C=CC=C1)N(=O)=O | F4: 141.1 | G4: =((D4*C4/1000)*(1/O4)+J4+L4*(C4/1000))/(F4/1000) -> 0 | H4: KF | K4: dimethyl sulfoxide | L4: ='A. Databases'!H4 -> 0 | M4: 200 C, 3h | O4: 0.901
A5: P.2 | B5: FC1=C(C=CC=C1)N(=O)=O | C5: 141.1 | D5: =G4 -> 0 | E5: NC1=C(F)C=CC=C1 | F5: 111.12 | G5: =((C5*D5/1000)*(1/O5)+(J5+L5)*(C5/1000))/(F5/1000) -> 0 | H5: ammonium hydroxide, hydrogen | J5: ='A. Databases'!H20+'A. Databases'!H13 -> 0 | K5: methanol, water | L5: ='A. Databases'!H28 -> 0 | M5: 50 C, 8h | O5: 0.996
A6: P.3 | B6: NC1=C(F)C=CC=C1 | C6: 111.12 | D6: =G5 -> 0 | E6: NC1=C(F)C=CC=C1Br | F6: 188.96 | G6: =((C6*D6/1000)+(I6*J6/1000)+(I7*J7/1000)+(I8*J8/1000)+(I9*J9/1000)+(I10*J10/1000))/(F6/1000)/O6 -> 0 | H6: acetic acid | I6: 60.052 | J6: ='A. Databases'!H125 -> 0 | O6: 0.44
H7: Ammonia | I7: 17.031 | J7: ='A. Databases'!H13 -> 0
H8: chloro sulfonic acid | I8: 116.52 | J8: ='A. Databases'!H126 -> 0
H9: HBr (simplified as Br2) | I9: 80.91 | J9: ='A. Databases'!H27 -> 0
H10: surlfurc acid | I10: 98.08 | J10: ='A. Databases'!H16 -> 0 | K10: Assumtion 1kg of solvents per kg of reactant in each step
A13: Carreira Precursor
A15: Reaction Step | B15: Precursors | C15: MW [g/mol] | D15: LCI | E15: Products | F15: MW [g/mol] | G15: LCI | H15: Reagencies | I15: MW | J15: LCI | K15: Solvents | L15: LCI | M15: Reaction Energy | O15: Yield | P15: Estimated GWP to this stage | Q15: Literature
A16: P.1 | B16: ClC1=CC=CC=C1N(=O)=O | C16: 157.55 | D16: ='A. Databases'!H11 -> 0 | E16: FC1=C(C=CC=C1)N(=O)=O | F16: 141.1 | G16: =((C16*D16/1000)/O16+L16*(C16/1000))/(F16/1000) -> 0 | H16: KF | K16: dimethly sulfoxide | L16: ='A. Databases'!H4 -> 0 | M16: 200 C, 3h | O16: 0.901
A17: P.2 | B17: FC1=C(C=CC=C1)N(=O)=O | C17: 141.1 | D17: =G16 -> 0 | E17: NC1=C(F)C=CC=C1 | F17: 111.12 | G17: =((C17*D17/1000)/O17+(J17+L17)*(C17/1000))/(F17/1000) -> 0 | H17: ammonia hydroxide, hydrogen | J17: ='A. Databases'!H20+'A. Databases'!H13 -> 0 | K17: MeOH | L17: ='A. Databases'!H33 -> 0 | M17: 50 C, 8h | O17: 0.996
A18: P.3 | B18: NC1=C(F)C=CC=C1 | C18: 111.12 | D18: =G17 -> 0 | E18: FC1=C2NC(=O)C(=O)C2=CC=C1 | F18: 165.12 | G18: =((C18*D18/1000)/O18+L18*(C18/1000))/(F18/1000) -> 0 | O18: 0.57
A19: P.4 | B19: FC1=C2NC(=O)C(=O)C2=CC=C1 | C19: 165.12 | D19: =G18 -> 0 | E19: NC1=C(C=CC=C1F)C(O)=O | F19: 155.13 | G19: =((C19*D19/1000)/O19+(J19+L19)*(C19/1000))/(F19/1000) -> 0 | H19: dihydrogen peroxide, NaOH | J19: ='A. Databases'!H14+'A. Databases'!H20 -> 0 | K19: H2O | L19: ='A. Databases'!H38 -> 0 | M19: RT, 2.25 h | O19: 0.96
A20: old | J20: mCPBA
A21: Reaction Step | B21: Precursors | C21: Equiv | D21: LCI | E21: Products | F21: Equiv | G21: LCI | H21: Reagencies | I21: Equiv | J21: LCI | K21: Solvents | L21: LCI | M21: Reaction Energy | O21: Yield | P21: Estimated GWP to this stage | Q21: Literature
A22: P.1 | B22: CC1=CC=CC=C1 | C22: 1 | E22: ClC1=CC=C(C)C=C1>> | F22: 1 | H22: Cl2 Gas | I22: 1 | J22: ='A. Databases'!H12 -> 0 | O22: 0.725
A23: P.2 | B23: ClC1=CC=C(C)C=C1>> | C23: 1 | E23: NC1=CC=CC(C)=C1 | F23: 1 | H23: NH3 | I23: 1 | J23: ='A. Databases'!H13 -> 0 | O23: 0.87
A24: P.3 | B24: NC1=CC=CC(C)=C1 | C24: 1 | D24: ='A. Databases'!H91 -> 0 | E24: CC1=CC([N+]([O-])=O)=CC=C1 | F24: 1 | G24: =(D24+J24)/O24 -> 0 | H24: H2O2 | I24: 1 | J24: ='A. Databases'!H14 -> 0 | O24: 0.95
A25: P.4 | B25: CC1=CC([N+]([O-])=O)=CC=C1 | C25: 1 | D25: =G24 -> 0 | E25: ClC1=CC=CC(C(Cl)=O)=C1 | F25: 1 | G25: =(D25+J25)/O25 -> 0 | H25: DMF, Cl2 Gas | I25: 1 | J25: ='A. Databases'!H12 -> 0 | O25: 0.923
A26: P.5 | B26: ClC1=CC=CC(C(Cl)=O)=C1 | C26: 1 | D26: =G25 -> 0 | E26: ClC1=CC=CC(C(O)=O)=C1 | F26: 1 | G26: =(D26+J26)/O26 -> 0 | H26: H2O | I26: 1 | J26: ='A. Databases'!H38 -> 0 | O26: 1
A27: P.6 | B27: ClC1=CC=CC(C(O)=O)=C1 | C27: 1 | D27: =G26 -> 0 | E27: ClC1=CC=CC(C(Cl)=O)=C1 | F27: 1 | G27: =(D27+J27)/O27 -> 0 | H27: SOCl2 | I27: 1 | J27: ='A. Databases'!H67 -> 0 | O27: 1
A28: P.7 | B28: ClC1=CC=CC(C(Cl)=O)=C1 | C28: 1 | D28: =G27 -> 0 | E28: ClC1=CC=CC(C(OO)=O)=C1 | F28: 1 | G28: =(D28+J28)/O28 -> 0 | H28: H2O2, MgSO4, H2SO4 | I28: 1 | J28: ='A. Databases'!H14+'A. Databases'!H15+'A. Databases'!H16 -> 0 | O28: 1
J31: DMAP
A32: Reaction Step | B32: Precursors | C32: Equiv | D32: LCI | E32: Products | F32: Equiv | G32: LCI | H32: Reagencies | I32: Equiv | J32: LCI | K32: Solvents | L32: LCI | M32: Reaction Energy | O32: Yield | P32: Estimated GWP to this stage | Q32: Literature
A33: P.1 | B33: C1=CC=CN=C1 | C33: 2 | D33: ='A. Databases'!H71 -> 0 | E33: [N+]1(C2=CC=NC=C2)=CC=CC=C1 | F33: 1 | G33: =2*D33+J33 -> 0 | H33: Cl2 | I33: 1 | J33: ='A. Databases'!H12 -> 0 | O33: 1
E34: C1=CC=C[NH+]=C1.[Cl-] | G34: =1*D33+J33 -> 0 | I34: 1
A35: P.2 | B35: [N+]1(C2=CC=NC=C2)=CC=CC=C1 | C35: 1 | D35: =G33 -> 0 | E35: CN(C)C1=CC=NC=C1 (DMAP) | F35: 0.333 | G35: =(D35+D36+J35)/3 -> 0 | H35: me2N | I35: 1 | J35: ='A. Databases'!H72 -> 0 | O35: 1
B36: C1=CC=C[NH+]=C1.[Cl-] | C36: 1 | D36: =G34 -> 0 | E36: C1=CC=C[NH+]=C1.[Cl-] (2x) | F36: 0.666 | G36: =((D35+D36+J35)/3)*2 -> 0 | I36: 1
J40: TFAA
A41: Reaction Step | B41: Precursors | C41: MW [g/mol] | D41: LCI | E41: Products | F41: MW [g/mol] | G41: LCI | H41: Reagencies | I41: MW | J41: LCI | K41: Solvents | L41: LCI | M41: Reaction Energy | O41: Yield | P41: Estimated GWP to this stage | Q41: Literature
A42: P.1 | B42: OC(C(F)(F)F)=O | C42: 114.02 | D42: ='A. Databases'!H17 -> 0 | E42: O=C(OC(C(F)(F)F)=O)C(F)(F)F | F42: 210.03 | G42: =((2*C42*D42+I42*J42+I43*J43)/F42)/O42 -> 0 | H42: H2SO4 | I42: 98.08 | J42: ='A. Databases'!H16 -> 0 | M42: 130 C | N42: 10 h | O42: 0.99
H43: SO3 | I43: 80.06 | J43: ='A. Databases'!H48 -> 0
J46: OTBS
A47: Reaction Step | B47: Precursors | C47: Equiv | D47: LCI | E47: Products | F47: Equiv | G47: LCI | H47: Reagencies | I47: Equiv | J47: LCI | K47: Solvents | L47: LCI | M47: Reaction Energy | O47: Yield | P47: Estimated GWP to this stage | Q47: Literature
A48: P.1 | B48: CC(OC)=O | C48: 1 | D48: ='A. Databases'!H93 -> 0 | E48: C=C(O[Si](C)(C)C(C)(C)C)OC | F48: 1 | G48: =D48+L48 -> 0 | H48: nBuLi | I48: 1 | J48: no infromation | K48: THF | L48: ='A. Databases'!H36 -> 0 | M48: minus 78 to RT | O48: no infromation
H49: diisoproylamine, tert-butyl-dimethyl-silyl chloride, N.N'-Dimethylpropyleneurea | J49: no infromation
J52: 2-isothiocyanato-1-methoxy-4-(trifluoromethyl)benzene
A53: Reaction Step | B53: Precursors | C53: MW [g/mol] | D53: LCI | E53: Products | F53: MW [g/mol] | G53: LCI | H53: Reagencies | I53: MW | J53: LCI | K53: Solvents | L53: LCI | M53: Reaction Energy | O53: Yield | P53: Estimated GWP to this stage | Q53: Literature
A54: P.1 | B54: CC1=CC=C(C)C=C1 | C54: 106.17 | D54: ='A. Databases'!H95 -> 0 | E54: ClC(C1=CC=C(C(Cl)(Cl)Cl)C=C1)(Cl)Cl | F54: 312.82 | G54: =(C54*D54+3*I54*J54)/F54 -> 0 | H54: Cl2 | I54: 70.9 | J54: ='A. Databases'!H12 -> 0
A55: P.2 | B55: ClC(C1=CC=C(C(Cl)(Cl)Cl)C=C1)(Cl)Cl | C55: 312.8 | D55: =G54 -> 0 | E55: ClC1=CC=C(C(Cl)(Cl)Cl)C=C1 | F55: 229.91 | G55: =(C55*D55+I55*J55)/F55 -> 0 | H55: Cl2 | I55: 70.9 | J55: ='A. Databases'!H12 -> 0
A56: P.3 | B56: ClC1=CC=C(C(Cl)(Cl)Cl)C=C1 | C56: 229.91 | D56: =G55 -> 0 | E56: ClC1=C([N+]([O-])=O)C=C(C(F)(F)F)C=C1 | F56: 225.55 | G56: =(C56*D56+I56*J56+I57*J57)/F56 -> 0 | H56: HNO3 | I56: 63.01 | J56: ='A. Databases'!H101 -> 0
A57: P.3 | H57: HF | I57: 20.01 | J57: ='A. Databases'!H96 -> 0
A58: P.4 | B58: ClC1=C([N+]([O-])=O)C=C(C(F)(F)F)C=C1 | C58: 225.55 | D58: =G56 -> 0 | E58: FC(C1=CC([N+]([O-])=O)=C(OC)C=C1)(F)F | F58: 221.14 | G58: =(C58/F58)*D58 -> 0 | K58: MeOH, NaOMe | L58: ='A. Databases'!H33 -> 0
A59: P.5 | B59: FC(C1=CC([N+]([O-])=O)=C(OC)C=C1)(F)F | C59: 221.14 | D59: =G58 -> 0 | E59: NC1=C(OC)C=CC(C(F)(F)F)=C1 | F59: 191.15 | G59: =(C59*D59+I59*J59)/F59 -> 0 | H59: H2 | I59: 2 | J59: ='A. Databases'!H102 -> 0
A60: P.6 | B60: NC1=C(OC)C=CC(C(F)(F)F)=C1 | C60: 191.15 | D60: =G59 -> 0 | E60: FC(C1=CC(N=C=S)=C(OC)C=C1)(F)F | F60: 233.21 | G60: =C60/F60*D60+L60 -> 0 | K60: DCM | L60: ='A. Databases'!H24 -> 0
J63: BH3SME2
A64: Reaction Step | B64: Precursors | C64: MW [g/mol] | D64: LCI | E64: Products | F64: MW [g/mol] | G64: LCI | H64: Reagencies | I64: MW | J64: LCI | K64: Solvents | L64: LCI | M64: Reaction Energy | O64: Yield | P64: Estimated GWP to this stage | Q64: Literature
A65: P.1 | B65: [H]B1([H])[H]B([H])([H])[H]1 | C65: 27.67 | D65: ='A. Databases'!H103 -> 0 | E65: [H]B([H])([S](C)C)[H] (2x) | F65: 75.96 | G65: =(((2*C66)/1000*D66)+((C65/1000)*D65)/(2*F65/1000)) -> 0 | H65: -
B66: CSC (2x) | C66: 62.13 | D66: ='A. Databases'!H104 -> 0
J69: Magnesium monoperoxyphthalic acid
A70: Reaction Step | B70: Precursors | C70: MW [g/mol] | D70: LCI | E70: Products | F70: MW [g/mol] | G70: LCI | H70: Reagencies | I70: MW | J70: LCI | K70: Solvents | L70: LCI | M70: Reaction Energy | O70: Yield | P70: Estimated GWP to this stage | Q70: Literature
A71: P.1 | B71: magnbesium oxide (1x) | C71: 40.3044 | D71: ='A. Databases'!H105 -> 0 | E71: Magnesium monoperoxyphthalic acid (1x) | F71: 386.551 | G71: =((C71/1000*D71)+(C72*2/1000*D72)+(C73/1000*D73))/(F71/1000) -> 0
B72: phthalic anhydride (2x) | C72: 148.1 | D72: ='A. Databases'!H106 -> 0
B73: h2o2 (2x) | C73: 148.1 | D73: ='A. Databases'!H14 -> 0
A76: OLD | J76: EDC HCl (OLD)
A77: Reaction Step | B77: Precursors | C77: MW [g/mol] | D77: LCI | E77: Products | F77: MW [g/mol] | G77: LCI | H77: Reagencies | I77: MW | J77: LCI | K77: Solvents | L77: LCI | M77: Reaction Energy | O77: Yield | P77: Estimated GWP to this stage | Q77: Literature
A78: P.1 | B78: CC[NH3]Cl | C78: 81.54 | D78: ='A. Databases'!H108 -> 0 | E78: O=C=NCC | F78: 71.08 | G78: =(D78*(C78/1000)+D79*(C79/1000)+D80*(C80/1000))/(F78/1000) -> 0 | K78: Xylol (1:1 eq)
B79: Chlorine | C79: 70.906 | D79: ='A. Databases'!H111 -> 0
B80: dimethyl carbonate | C80: 296.73 | D80: ='A. Databases'!H110 -> 0
A81: P.2 | B81: CNC | C81: 45.09 | D81: ='A. Databases'!H109 -> 0 | E81: NCCCN(C)C | F81: 102.18 | G81: =(D81*(C81/1000)+D82*(C82/1000))/(F81/1000) -> 0
B82: C=CC([H])=O | C82: 56.06 | D82: ='A. Databases'!H112 -> 0
A83: P.3,P.4 | B83: O=C=NCC | C83: 71.08 | D83: =G78 -> 0 | E83: CCN=C=NCCCN(C)C | F83: 155.25 | G83: =(D83*(C83/1000)+D84*(C84/1000))/(F83/1000) -> 0
B84: NCCCN(C)C | C84: 102.18 | D84: =G81 -> 0
J87: EDC HCl (NEW)
A88: Reaction Step | B88: Precursors | C88: MW [g/mol] | D88: Mol | E88: LCI | F88: Products | G88: MW [g/mol] | H88: Mol | I88: LCI | J88: Reagencies | K88: MW | L88: LCI | M88: Solvents | N88: LCI | O88: Reaction Energy | Q88: Yield
A89: P.1 | B89: CC[NH3]Cl | C89: 81.54 | D89: 1 | E89: ='A. Databases'!H108 -> 0 | F89: O=C=NCC | G89: 71.08 | H89: 1 | I89: =(E89*(C89/1000)+E90*(C90*D90/1000)+E91*(C91/1000))/(G89/1000) -> 0 | M89: Xylol (1:1 eq)
B90: Chlorine | C90: 70.906 | D90: 3 | E90: ='A. Databases'!H111 -> 0
B91: dimethyl carbonate | C91: 296.73 | D91: 1 | E91: ='A. Databases'!H110 -> 0
A92: P.2 | B92: CNC | C92: 45.09 | D92: 0.58 | E92: ='A. Databases'!H109 -> 0 | F92: N#CCCN(C)C | G92: 98.15 | H92: 0.4 | I92: =(E92*(C92/1000)+E93*(C93/1000))/(G92/1000) -> 0
B93: N#CC=C | C93: 53.06 | D93: 0.5 | E93: ='A. Databases'!H113 -> 0
A94: P.3 | B94: N#CCCN(C)C | C94: 98.15 | D94: 0.4 | E94: =I92 -> 0 | F94: NCCCN(C)C | G94: 102.18 | H94: 0.4 | I94: =(C94*D94*E94+C95*D95*E95+C96*D96*E96+C97*D97*E97)/(G94*H94) -> 0
B95: Na | C95: 22.989769 | D95: 2.4 | E95: ='A. Databases'!H115 -> 0
B96: EtOH | C96: 46.068 | D96: =60/C96 -> 1.3024225 | E96: ='A. Databases'!H32 -> 0
B97: PhMe | C97: 92.14 | D97: =(200*0.87)/C97 -> 1.8884306 | E97: ='A. Databases'!H22 -> 0
A98: P.4 | B98: NCCCN(C)C | C98: 102.18 | D98: 1 | E98: =I94 -> 0 | F98: CCN=C=NCCCN(C)C | G98: 155.25 | H98: 1 | I98: =(C98*D98*E98+C99*D99*E99)/G98*H98 -> 0
B99: O=C=NCC | C99: 71.08 | D99: 1 | E99: =I89 -> 0
J104: nBuli
A105: Reaction Step | B105: Precursors | C105: MW [g/mol] | D105: Mol | E105: LCI | F105: Products | G105: MW | H105: Mol | I105: LCI | J105: Reagencies | K105: MW | L105: LCI | M105: Solvents | N105: LCI | O105: Reaction Energy | Q105: Yield
A106: P.1 | B106: Butan | C106: 58.12 | D106: 2 | E106: ='A. Databases'!H116 -> 0 | F106: Chlorbutan | G106: 92.57 | H106: 1 | I106: =(C106*D106*E106+C107*D107*E107)/G106 -> 0
B107: Chlor | C107: 70.9 | D107: 1 | E107: ='A. Databases'!H111 -> 0
A108: P.2 | B108: Chlorbutan | C108: 92.57 | D108: 1 | E108: =I106 -> 0 | F108: nBulI | G108: 64.06 | H108: 1 | I108: =(C108*E108+C109*E109)/G108 -> 0
B109: Li | C109: 6.94 | D109: 1 | E109: ='A. Databases'!H68 -> 0
J111: NaH
A112: Reaction Step | B112: Precursors | C112: MW [g/mol] | D112: Mol | E112: LCI | F112: Products | G112: MW | H112: Mol | I112: LCI | J112: R1Reagencies | K112: MW | L112: LCI | M112: Solvents | N112: LCI | O112: Reaction Energy | Q112: Yield
A113: P.1 | B113: Na | C113: 22.989796 | D113: 2 | E113: ='A. Databases'!H115 -> 0 | F113: NaH | G113: 23.99 | H113: 2 | I113: =(C113*D113*E113+C114*D114*E114)/(G113*H113) -> 0
B114: H2 | C114: 2 | D114: 1 | E114: ='A. Databases'!H102 -> 0
J117: Phenylchlorocarbonat
A118: Reaction Step | B118: Precursors | C118: MW [g/mol] | D118: Mol | E118: LCI | F118: Products | G118: MW | H118: Mol | I118: LCI | J118: R1Reagencies | K118: MW | L118: LCI | M118: Solvents | N118: LCI | O118: Reaction Energy | Q118: Yield
A119: P.1 | B119: ClC(Cl)=O | C119: 98.91 | D119: =50/C119 -> 0.50551006 | E119: ='A. Databases'!H118 -> 0 | F119: ClC(OC1=CC=CC=C1)=O | G119: 156.57 | H119: 1 | I119: =((C119*D119*E119+C120*D120*E120+C121*D121*E121)/(H119*G119))/Q119 -> 0 | Q119: 0.894
A120: P.1 | B120: OC1=CC=CC=C1 | C120: 94.11 | D120: 1.06 | E120: ='A. Databases'!H117 -> 0
A121: P.1 | B121: DMF | C121: 73.09 | D121: =2.5/C121 -> 0.034204406 | E121: ='A. Databases'!H97 -> 0
J124: piperazine bis hydrochloride
A125: Reaction Step | B125: Precursors | C125: MW [g/mol] | D125: Mol | E125: LCI | F125: Products | G125: MW | H125: Mol | I125: LCI | J125: R1Reagencies | K125: MW | L125: LCI | M125: Solvents | N125: LCI | O125: MW | P125: Mole | Q125: Yield (of all included steps)
A126: P.1 | B126: ClC1=CC([N+]([O-])=O)=CC=C1 | C126: 156.99 | D126: 1 | E126: ='A. Databases'!H11 -> 0 | F126: COC1=CC(N2CCNCC2)=CC=C1 | G126: 192.13 | H126: 1 | I126: =(((C126*E126/1000)+(C127*D127*E127/1000)+(C128*E128/1000)+(C129*E129/1000)+(N126*P126*O126/1000)+(N127*O127*P127/1000)+(C130*D130*E130/1000)+(C131*D131*E131/1000)+(C132*D132*E132/1000))/(G126/1000)/Q126) -> 0 | M126: MeOH | N126: ='A. Databases'!H8 -> 0 | O126: 32.04 | P126: 1 | Q126: =0.91*0.95*0.8*0.7 -> 0.48412
A127: P.1 | B127: NCCN | C127: 60.07 | D127: 2 | E127: ='A. Databases'!H63 -> 0 | M127: Diethylene Glycol | N127: 2.4 | O127: 106.12 | P127: 0
A128: P.1 | B128: NaOH | C128: 39.997 | D128: 1 | E128: ='A. Databases'!H20 -> 0
A129: P.1 | B129: HCl | C129: 36.46 | D129: 1 | E129: ='A. Databases'!H79 -> 0
A130: P.1 | B130: ALCl3 | C130: 133.34 | D130: 1 | E130: ='A. Databases'!H127 -> 0
...
